{"type": "FeatureCollection", "features": [{"type": "Feature", "geometry": {"type": "Point", "coordinates": [80.205216, 13.038649]}, "properties": {"name": "Kalaignar Karunanidhi Nagar", "emergency": "no", "type": "hospital"}}, {"type": "Feature", "geometry": {"type": "Point", "coordinates": [80.198037, 13.072024]}, "properties": {"name": "Koyambedu", "emergency": "no", "type": "clinic"}}, {"type": "Feature", "geometry": {"type": "Point", "coordinates": [80.296058, 13.122775]}, "properties": {"name": "Kasimedu", "emergency": "no", "type": "hospital"}}, {"type": "Feature", "geometry": {"type": "Point", "coordinates": [80.279291, 13.092201]}, "properties": {"name": "Amrit Hospital", "emergency": "no", "type": "hospital"}}, {"type": "Feature", "geometry": {"type": "Point", "coordinates": [80.279618, 13.098501]}, "properties": {"name": "Vikram Hospital", "emergency": "no", "type": "hospital"}}, {"type": "Feature", "geometry": {"type": "Point", "coordinates": [80.216086, 13.08438]}, "properties": {"name": "City Tower Hospitals", "emergency": "no", "type": "hospital"}}, {"type": "Feature", "geometry": {"type": "Point", "coordinates": [80.290562, 13.128937]}, "properties": {"name": "Apollo Hospitals, Tondiarpet", "emergency": "no", "type": "hospital"}}, {"type": "Feature", "geometry": {"type": "Point", "coordinates": [80.213059, 13.084499]}, "properties": {"name": "K.H.M. Hospital", "emergency": "no", "type": "hospital"}}, {"type": "Feature", "geometry": {"type": "Point", "coordinates": [80.206982, 13.08217]}, "properties": {"name": "Sundaram Medical Foundation", "emergency": "no", "type": "hospital"}}, {"type": "Feature", "geometry": {"type": "Point", "coordinates": [80.199469, 13.088798]}, "properties": {"name": "Sri Devi Speciality Hospial", "emergency": "no", "type": "hospital"}}, {"type": "Feature", "geometry": {"type": "Point", "coordinates": [80.257247, 13.033662]}, "properties": {"name": "Corporation Hospital", "emergency": "no", "type": "hospital"}}, {"type": "Feature", "geometry": {"type": "Point", "coordinates": [80.184647, 12.978768]}, "properties": {"name": "Hindu Mission Health Services, Kanchipuram", "emergency": "no", "type": "hospital"}}, {"type": "Feature", "geometry": {"type": "Point", "coordinates": [80.197295, 13.019462]}, "properties": {"name": "Military Hospital", "emergency": "no", "type": "hospital"}}, {"type": "Feature", "geometry": {"type": "Point", "coordinates": [80.282648, 13.084889]}, "properties": {"name": "Tamil Nadu Government Dental College & Hospital, Chennai", "emergency": "no", "type": "hospital"}}, {"type": "Feature", "geometry": {"type": "Point", "coordinates": [80.243337, 13.078598]}, "properties": {"name": "Kilpauk Medical College", "emergency": "no", "type": "hospital"}}, {"type": "Feature", "geometry": {"type": "Point", "coordinates": [80.190591, 12.984715]}, "properties": {"name": "Hariharan Hospital", "emergency": "no", "type": "hospital"}}, {"type": "Feature", "geometry": {"type": "Point", "coordinates": [80.190412, 12.988762]}, "properties": {"name": "BM Hospital", "emergency": "no", "type": "hospital"}}, {"type": "Feature", "geometry": {"type": "Point", "coordinates": [80.18414, 12.973463]}, "properties": {"name": "K.F. Hospital", "emergency": "no", "type": "hospital"}}, {"type": "Feature", "geometry": {"type": "Point", "coordinates": [80.239884, 13.006134]}, "properties": {"name": "Cancer Institute", "emergency": "no", "type": "hospital"}}, {"type": "Feature", "geometry": {"type": "Point", "coordinates": [80.142805, 13.038098]}, "properties": {"name": "Sri Ramachandra Medical Centre and Hospital", "emergency": "no", "type": "hospital"}}, {"type": "Feature", "geometry": {"type": "Point", "coordinates": [80.258987, 13.0721]}, "properties": {"name": "Govt Maternity Hospital", "emergency": "no", "type": "hospital"}}, {"type": "Feature", "geometry": {"type": "Point", "coordinates": [80.257025, 13.07355]}, "properties": {"name": "Institute of Child Health", "emergency": "no", "type": "hospital"}}, {"type": "Feature", "geometry": {"type": "Point", "coordinates": [80.259146, 13.073543]}, "properties": {"name": "Institute of Obstetrics and Gynaecology dd", "emergency": "no", "type": "hospital"}}, {"type": "Feature", "geometry": {"type": "Point", "coordinates": [80.185841, 13.021181]}, "properties": {"name": "MIOT International", "emergency": "no", "type": "hospital"}}, {"type": "Feature", "geometry": {"type": "Point", "coordinates": [80.196428, 13.012273]}, "properties": {"name": "St. Thomas Hospital", "emergency": "no", "type": "hospital"}}, {"type": "Feature", "geometry": {"type": "Point", "coordinates": [80.194973, 13.009781]}, "properties": {"name": "Medical Center / Clinic", "emergency": "no", "type": "hospital"}}, {"type": "Feature", "geometry": {"type": "Point", "coordinates": [80.244092, 13.029362]}, "properties": {"name": "Venkataeswara Hospitals", "emergency": "no", "type": "hospital"}}, {"type": "Feature", "geometry": {"type": "Point", "coordinates": [80.250329, 13.039968]}, "properties": {"name": "Medical Center / Clinic", "emergency": "no", "type": "doctors"}}, {"type": "Feature", "geometry": {"type": "Point", "coordinates": [80.250568, 13.04066]}, "properties": {"name": "Medical Center / Clinic", "emergency": "no", "type": "doctors"}}, {"type": "Feature", "geometry": {"type": "Point", "coordinates": [80.206773, 12.965385]}, "properties": {"name": "Sarswathi Hospital", "emergency": "no", "type": "hospital"}}, {"type": "Feature", "geometry": {"type": "Point", "coordinates": [80.204166, 13.05244]}, "properties": {"name": "Apollo Clinic & Pharmacy", "emergency": "no", "type": "hospital"}}, {"type": "Feature", "geometry": {"type": "Point", "coordinates": [80.207014, 13.048382]}, "properties": {"name": "Vijaya Heart Centre", "emergency": "no", "type": "hospital"}}, {"type": "Feature", "geometry": {"type": "Point", "coordinates": [80.149941, 13.11811]}, "properties": {"name": "B.M.Orthopaedic Hospital", "emergency": "no", "type": "hospital"}}, {"type": "Feature", "geometry": {"type": "Point", "coordinates": [80.133977, 12.94317]}, "properties": {"name": "Balaji scan", "emergency": "no", "type": "doctors"}}, {"type": "Feature", "geometry": {"type": "Point", "coordinates": [80.14056, 12.944794]}, "properties": {"name": "skandan nursing home", "emergency": "no", "type": "hospital"}}, {"type": "Feature", "geometry": {"type": "Point", "coordinates": [80.211027, 13.049532]}, "properties": {"name": "Vasan Eye Care Hospital, Vadapalani", "emergency": "no", "type": "hospital"}}, {"type": "Feature", "geometry": {"type": "Point", "coordinates": [80.194214, 13.057129]}, "properties": {"name": "JJ Hospital", "emergency": "no", "type": "hospital"}}, {"type": "Feature", "geometry": {"type": "Point", "coordinates": [80.21512, 13.075045]}, "properties": {"name": "Appasamy Hospital", "emergency": "no", "type": "hospital"}}, {"type": "Feature", "geometry": {"type": "Point", "coordinates": [80.214883, 13.073239]}, "properties": {"name": "Appasamy Hospital", "emergency": "no", "type": "hospital"}}, {"type": "Feature", "geometry": {"type": "Point", "coordinates": [80.217887, 13.089207]}, "properties": {"name": "Appolo Clinic", "emergency": "no", "type": "hospital"}}, {"type": "Feature", "geometry": {"type": "Point", "coordinates": [80.128212, 12.965059]}, "properties": {"name": "Sankara Eye Hospital, Kanchipuram", "emergency": "no", "type": "hospital"}}, {"type": "Feature", "geometry": {"type": "Point", "coordinates": [80.181086, 13.033133]}, "properties": {"name": "Srm Speciality Hospital", "emergency": "no", "type": "hospital"}}, {"type": "Feature", "geometry": {"type": "Point", "coordinates": [80.18012, 13.032129]}, "properties": {"name": "SRM Dental Hospital", "emergency": "no", "type": "hospital"}}, {"type": "Feature", "geometry": {"type": "Point", "coordinates": [80.211837, 13.05546]}, "properties": {"name": "Aakash Fertility Centre & Hospital", "emergency": "no", "type": "hospital"}}, {"type": "Feature", "geometry": {"type": "Point", "coordinates": [80.121069, 12.94457]}, "properties": {"name": "Medical Center / Clinic", "emergency": "no", "type": "hospital"}}, {"type": "Feature", "geometry": {"type": "Point", "coordinates": [80.243442, 13.050833]}, "properties": {"name": "Rajan Eye Care Hospital", "emergency": "no", "type": "hospital"}}, {"type": "Feature", "geometry": {"type": "Point", "coordinates": [80.211745, 13.058305]}, "properties": {"name": "sree dhanalakshmi family clinic", "emergency": "no", "type": "hospital"}}, {"type": "Feature", "geometry": {"type": "Point", "coordinates": [80.247472, 12.966388]}, "properties": {"name": "Bhadra Homeo", "emergency": "no", "type": "hospital"}}, {"type": "Feature", "geometry": {"type": "Point", "coordinates": [80.230521, 13.062605]}, "properties": {"name": "Amma Hospital", "emergency": "yes", "type": "hospital"}}, {"type": "Feature", "geometry": {"type": "Point", "coordinates": [80.240573, 13.078795]}, "properties": {"name": "Right Hospitals", "emergency": "yes", "type": "hospital"}}, {"type": "Feature", "geometry": {"type": "Point", "coordinates": [80.255254, 13.001531]}, "properties": {"name": "Vasan Eye Care Hospital", "emergency": "no", "type": "hospital"}}, {"type": "Feature", "geometry": {"type": "Point", "coordinates": [80.201174, 13.058407]}, "properties": {"name": "Medical Center / Clinic", "emergency": "no", "type": "hospital"}}, {"type": "Feature", "geometry": {"type": "Point", "coordinates": [80.157242, 13.118708]}, "properties": {"name": "Ashwini Eye Care", "emergency": "no", "type": "hospital"}}, {"type": "Feature", "geometry": {"type": "Point", "coordinates": [80.204492, 12.979919]}, "properties": {"name": "Prime Care Nursing Home", "emergency": "no", "type": "hospital"}}, {"type": "Feature", "geometry": {"type": "Point", "coordinates": [80.127824, 13.057521]}, "properties": {"name": "ACS Medical College And Hospital", "emergency": "yes", "type": "hospital"}}, {"type": "Feature", "geometry": {"type": "Point", "coordinates": [80.205005, 13.067723]}, "properties": {"name": "Apollo Free Emergency Clinic", "emergency": "no", "type": "hospital"}}, {"type": "Feature", "geometry": {"type": "Point", "coordinates": [80.216584, 13.038566]}, "properties": {"name": "Agarwal Hospital", "emergency": "no", "type": "hospital"}}, {"type": "Feature", "geometry": {"type": "Point", "coordinates": [80.200475, 13.084967]}, "properties": {"name": "Senthil Nursing Home", "emergency": "no", "type": "hospital"}}, {"type": "Feature", "geometry": {"type": "Point", "coordinates": [80.199166, 13.086867]}, "properties": {"name": "I K Hospital", "emergency": "no", "type": "hospital"}}, {"type": "Feature", "geometry": {"type": "Point", "coordinates": [80.133966, 12.973064]}, "properties": {"name": "B.P. Jain Hospital (Sri Sankara Health Centre)", "emergency": "yes", "type": "hospital"}}, {"type": "Feature", "geometry": {"type": "Point", "coordinates": [80.228659, 12.980046]}, "properties": {"name": "Ortho clinic", "emergency": "no", "type": "hospital"}}, {"type": "Feature", "geometry": {"type": "Point", "coordinates": [80.16449, 13.035856]}, "properties": {"name": "JK Hospital", "emergency": "no", "type": "hospital"}}, {"type": "Feature", "geometry": {"type": "Point", "coordinates": [80.185564, 12.955941]}, "properties": {"name": "Medical Center / Clinic", "emergency": "no", "type": "hospital"}}, {"type": "Feature", "geometry": {"type": "Point", "coordinates": [80.200913, 12.993364]}, "properties": {"name": "SP Hospital", "emergency": "yes", "type": "hospital"}}, {"type": "Feature", "geometry": {"type": "Point", "coordinates": [80.233739, 12.932168]}, "properties": {"name": "Fourtts India Laboratories", "emergency": "no", "type": "hospital"}}, {"type": "Feature", "geometry": {"type": "Point", "coordinates": [80.193211, 12.983796]}, "properties": {"name": "Rotary Central Margaret Sidney Hospital", "emergency": "no", "type": "hospital"}}, {"type": "Feature", "geometry": {"type": "Point", "coordinates": [80.185028, 12.978652]}, "properties": {"name": "Sri Chakra Hospital", "emergency": "no", "type": "hospital"}}, {"type": "Feature", "geometry": {"type": "Point", "coordinates": [80.187629, 12.918328]}, "properties": {"name": "RA Usha's clinic", "emergency": "no", "type": "clinic"}}, {"type": "Feature", "geometry": {"type": "Point", "coordinates": [80.187478, 12.917927]}, "properties": {"name": "SV clinic", "emergency": "no", "type": "clinic"}}, {"type": "Feature", "geometry": {"type": "Point", "coordinates": [80.187416, 12.917897]}, "properties": {"name": "SV Lab", "emergency": "no", "type": "clinic"}}, {"type": "Feature", "geometry": {"type": "Point", "coordinates": [80.1873, 12.917246]}, "properties": {"name": "V-Care Clinic", "emergency": "no", "type": "clinic"}}, {"type": "Feature", "geometry": {"type": "Point", "coordinates": [80.188608, 12.984259]}, "properties": {"name": "Dr. Janardhanan Multispeciality Dental Clinic", "emergency": "no", "type": "hospital"}}, {"type": "Feature", "geometry": {"type": "Point", "coordinates": [80.268345, 13.076782]}, "properties": {"name": "Dr Venugopals' Sundaram Clini", "emergency": "no", "type": "hospital"}}, {"type": "Feature", "geometry": {"type": "Point", "coordinates": [80.267838, 13.076873]}, "properties": {"name": "Dr Kabir's Clinic", "emergency": "no", "type": "hospital"}}, {"type": "Feature", "geometry": {"type": "Point", "coordinates": [80.267243, 13.076434]}, "properties": {"name": "Dr Sridhars'Clinic", "emergency": "no", "type": "hospital"}}, {"type": "Feature", "geometry": {"type": "Point", "coordinates": [80.259441, 13.092181]}, "properties": {"name": "Vepery Hospital", "emergency": "no", "type": "hospital"}}, {"type": "Feature", "geometry": {"type": "Point", "coordinates": [80.191882, 12.9658]}, "properties": {"name": "Vasan Eye care", "emergency": "no", "type": "hospital"}}, {"type": "Feature", "geometry": {"type": "Point", "coordinates": [80.223626, 13.092967]}, "properties": {"name": "Jaws Dental Foundation", "emergency": "yes", "type": "hospital"}}, {"type": "Feature", "geometry": {"type": "Point", "coordinates": [80.25947, 13.020568]}, "properties": {"name": "Chennai Skin Foundation", "emergency": "no", "type": "hospital"}}, {"type": "Feature", "geometry": {"type": "Point", "coordinates": [80.208296, 12.971029]}, "properties": {"name": "Sukrthi Nursing Home", "emergency": "yes", "type": "hospital"}}, {"type": "Feature", "geometry": {"type": "Point", "coordinates": [80.223171, 13.024235]}, "properties": {"name": "24 Hours Hospital", "emergency": "yes", "type": "clinic"}}, {"type": "Feature", "geometry": {"type": "Point", "coordinates": [80.178462, 13.040594]}, "properties": {"name": "A.N.N Hospital", "emergency": "yes", "type": "hospital"}}, {"type": "Feature", "geometry": {"type": "Point", "coordinates": [80.174844, 13.015804]}, "properties": {"name": "Clinic", "emergency": "no", "type": "doctors"}}, {"type": "Feature", "geometry": {"type": "Point", "coordinates": [80.150612, 13.070504]}, "properties": {"name": "Appolo Speciality Hospital Vanagram", "emergency": "no", "type": "hospital"}}, {"type": "Feature", "geometry": {"type": "Point", "coordinates": [80.257301, 13.03817]}, "properties": {"name": "Kauvery Hospital", "emergency": "yes", "type": "hospital"}}, {"type": "Feature", "geometry": {"type": "Point", "coordinates": [80.128133, 12.925574]}, "properties": {"name": "Dr Mohan's Diabetes Hospital", "emergency": "no", "type": "hospital"}}, {"type": "Feature", "geometry": {"type": "Point", "coordinates": [80.229892, 12.986273]}, "properties": {"name": "Velachery SABA Hospital", "emergency": "no", "type": "hospital"}}, {"type": "Feature", "geometry": {"type": "Point", "coordinates": [80.223011, 13.022387]}, "properties": {"name": "Dr. Reddi's Poly Clinic", "emergency": "no", "type": "clinic"}}, {"type": "Feature", "geometry": {"type": "Point", "coordinates": [80.220881, 13.024854]}, "properties": {"name": "Sugam Poly Clinic", "emergency": "no", "type": "clinic"}}, {"type": "Feature", "geometry": {"type": "Point", "coordinates": [80.220378, 13.024824]}, "properties": {"name": "24 Hours Health care centre", "emergency": "no", "type": "clinic"}}, {"type": "Feature", "geometry": {"type": "Point", "coordinates": [80.220322, 13.024674]}, "properties": {"name": "Dr. R. Gurusamy, ENT & General", "emergency": "no", "type": "doctors"}}, {"type": "Feature", "geometry": {"type": "Point", "coordinates": [80.222786, 13.025235]}, "properties": {"name": "Rajesh Clinic", "emergency": "no", "type": "doctors"}}, {"type": "Feature", "geometry": {"type": "Point", "coordinates": [80.158376, 12.901295]}, "properties": {"name": "Chellam Hospital", "emergency": "no", "type": "hospital"}}, {"type": "Feature", "geometry": {"type": "Point", "coordinates": [80.228583, 13.041711]}, "properties": {"name": "Sri Meenakshi Nursing Home, Chennai", "emergency": "no", "type": "clinic"}}, {"type": "Feature", "geometry": {"type": "Point", "coordinates": [80.222351, 12.976778]}, "properties": {"name": "Kaya Skin clinic", "emergency": "no", "type": "hospital"}}, {"type": "Feature", "geometry": {"type": "Point", "coordinates": [80.187059, 13.085996]}, "properties": {"name": "Madras Medical Mission Hospital - Institute of Cardio Vascular Diseases", "emergency": "yes", "type": "hospital"}}, {"type": "Feature", "geometry": {"type": "Point", "coordinates": [80.136095, 12.951917]}, "properties": {"name": "Ramana Children's Hospital", "emergency": "no", "type": "clinic"}}, {"type": "Feature", "geometry": {"type": "Point", "coordinates": [80.248841, 13.126091]}, "properties": {"name": "Pavithra Hospital", "emergency": "no", "type": "hospital"}}, {"type": "Feature", "geometry": {"type": "Point", "coordinates": [80.249775, 13.064256]}, "properties": {"name": "JKCN Complex (Sankara Nethralaya)", "emergency": "no", "type": "hospital"}}, {"type": "Feature", "geometry": {"type": "Point", "coordinates": [80.25296, 13.086142]}, "properties": {"name": "Dr Aslam Yousuff Clinic", "emergency": "no", "type": "doctors"}}, {"type": "Feature", "geometry": {"type": "Point", "coordinates": [80.187599, 12.973379]}, "properties": {"name": "Srinivasan Rajalakshmi Memorial Hospital", "emergency": "yes", "type": "hospital"}}, {"type": "Feature", "geometry": {"type": "Point", "coordinates": [80.183588, 13.028676]}, "properties": {"name": "Medical Center / Clinic", "emergency": "no", "type": "clinic"}}, {"type": "Feature", "geometry": {"type": "Point", "coordinates": [80.183258, 13.027814]}, "properties": {"name": "Medical Center / Clinic", "emergency": "no", "type": "clinic"}}, {"type": "Feature", "geometry": {"type": "Point", "coordinates": [80.182988, 13.026489]}, "properties": {"name": "Medical Center / Clinic", "emergency": "no", "type": "hospital"}}, {"type": "Feature", "geometry": {"type": "Point", "coordinates": [80.220154, 12.974559]}, "properties": {"name": "Medical Center / Clinic", "emergency": "no", "type": "clinic"}}, {"type": "Feature", "geometry": {"type": "Point", "coordinates": [80.249601, 13.067245]}, "properties": {"name": "Medical Center / Clinic", "emergency": "no", "type": "clinic"}}, {"type": "Feature", "geometry": {"type": "Point", "coordinates": [80.169498, 13.059484]}, "properties": {"name": "Medical Center / Clinic", "emergency": "no", "type": "clinic"}}, {"type": "Feature", "geometry": {"type": "Point", "coordinates": [80.188969, 13.038005]}, "properties": {"name": "Chennai Medical Centre Hospital", "emergency": "no", "type": "hospital"}}, {"type": "Feature", "geometry": {"type": "Point", "coordinates": [80.21143, 13.051596]}, "properties": {"name": "SRM Institutes For Medical Science", "emergency": "no", "type": "hospital"}}, {"type": "Feature", "geometry": {"type": "Point", "coordinates": [80.252681, 13.032779]}, "properties": {"name": "Medical Center / Clinic", "emergency": "no", "type": "clinic"}}, {"type": "Feature", "geometry": {"type": "Point", "coordinates": [80.224728, 13.031321]}, "properties": {"name": "Siva clinic", "emergency": "no", "type": "clinic"}}, {"type": "Feature", "geometry": {"type": "Point", "coordinates": [80.223041, 13.036688]}, "properties": {"name": "Sri Desikan Clinic", "emergency": "no", "type": "doctors"}}, {"type": "Feature", "geometry": {"type": "Point", "coordinates": [80.127445, 12.924167]}, "properties": {"name": "government child health center", "emergency": "yes", "type": "hospital"}}, {"type": "Feature", "geometry": {"type": "Point", "coordinates": [80.12982, 12.922971]}, "properties": {"name": "Christdas hospital", "emergency": "yes", "type": "hospital"}}, {"type": "Feature", "geometry": {"type": "Point", "coordinates": [80.239536, 13.0136]}, "properties": {"name": "HEALTH", "emergency": "no", "type": "hospital"}}, {"type": "Feature", "geometry": {"type": "Point", "coordinates": [80.14223, 12.900158]}, "properties": {"name": "Medical Center / Clinic", "emergency": "no", "type": "clinic"}}, {"type": "Feature", "geometry": {"type": "Point", "coordinates": [80.290525, 13.113302]}, "properties": {"name": "Medical Center / Clinic", "emergency": "no", "type": "hospital"}}, {"type": "Feature", "geometry": {"type": "Point", "coordinates": [80.126818, 12.92568]}, "properties": {"name": "Medical Center / Clinic", "emergency": "no", "type": "clinic"}}, {"type": "Feature", "geometry": {"type": "Point", "coordinates": [80.126519, 12.926122]}, "properties": {"name": "Medical Center / Clinic", "emergency": "no", "type": "hospital"}}, {"type": "Feature", "geometry": {"type": "Point", "coordinates": [80.127861, 12.92663]}, "properties": {"name": "Medical Center / Clinic", "emergency": "no", "type": "clinic"}}, {"type": "Feature", "geometry": {"type": "Point", "coordinates": [80.127388, 12.927082]}, "properties": {"name": "Medical Center / Clinic", "emergency": "no", "type": "clinic"}}, {"type": "Feature", "geometry": {"type": "Point", "coordinates": [80.150339, 12.922421]}, "properties": {"name": "Vani Nursing Home", "emergency": "no", "type": "clinic"}}, {"type": "Feature", "geometry": {"type": "Point", "coordinates": [80.127737, 12.923675]}, "properties": {"name": "Dr padma clinic", "emergency": "no", "type": "clinic"}}, {"type": "Feature", "geometry": {"type": "Point", "coordinates": [80.130824, 12.923099]}, "properties": {"name": "Sugam homeopathic hospital", "emergency": "no", "type": "hospital"}}, {"type": "Feature", "geometry": {"type": "Point", "coordinates": [80.138133, 12.922066]}, "properties": {"name": "Dr. KK eye care center", "emergency": "no", "type": "hospital"}}, {"type": "Feature", "geometry": {"type": "Point", "coordinates": [80.141779, 12.92201]}, "properties": {"name": "Be Well Hospital", "emergency": "yes", "type": "hospital"}}, {"type": "Feature", "geometry": {"type": "Point", "coordinates": [80.14841, 12.922778]}, "properties": {"name": "CMC poly clinic", "emergency": "no", "type": "clinic"}}, {"type": "Feature", "geometry": {"type": "Point", "coordinates": [80.158953, 12.923785]}, "properties": {"name": "Chellam Super Speciality Center", "emergency": "no", "type": "hospital"}}, {"type": "Feature", "geometry": {"type": "Point", "coordinates": [80.152236, 12.922517]}, "properties": {"name": "New Life Hospital", "emergency": "yes", "type": "hospital"}}, {"type": "Feature", "geometry": {"type": "Point", "coordinates": [80.14379, 12.920747]}, "properties": {"name": "Medical Center / Clinic", "emergency": "no", "type": "hospital"}}, {"type": "Feature", "geometry": {"type": "Point", "coordinates": [80.144379, 12.920113]}, "properties": {"name": "Medical Center / Clinic", "emergency": "no", "type": "hospital"}}, {"type": "Feature", "geometry": {"type": "Point", "coordinates": [80.242937, 13.113136]}, "properties": {"name": "Medical Center / Clinic", "emergency": "no", "type": "hospital"}}, {"type": "Feature", "geometry": {"type": "Point", "coordinates": [80.144391, 12.920372]}, "properties": {"name": "Kottakkal Arya Vaidhyasala", "emergency": "no", "type": "hospital"}}, {"type": "Feature", "geometry": {"type": "Point", "coordinates": [80.204827, 13.086211]}, "properties": {"name": "Neuro Clinic", "emergency": "no", "type": "clinic"}}, {"type": "Feature", "geometry": {"type": "Point", "coordinates": [80.198371, 13.086073]}, "properties": {"name": "Dr. Ram's Diabetes & Endocrine Clinic", "emergency": "no", "type": "clinic"}}, {"type": "Feature", "geometry": {"type": "Point", "coordinates": [80.198324, 13.085633]}, "properties": {"name": "Heart Care Clinic", "emergency": "no", "type": "clinic"}}, {"type": "Feature", "geometry": {"type": "Point", "coordinates": [80.272734, 13.052724]}, "properties": {"name": "The Cresent Hospital", "emergency": "no", "type": "hospital"}}, {"type": "Feature", "geometry": {"type": "Point", "coordinates": [80.207788, 13.105809]}, "properties": {"name": "Swami Eye Clinic & Surgi Center", "emergency": "no", "type": "clinic"}}, {"type": "Feature", "geometry": {"type": "Point", "coordinates": [80.237533, 13.059033]}, "properties": {"name": "Biocosmo Healthcare", "emergency": "no", "type": "hospital"}}, {"type": "Feature", "geometry": {"type": "Point", "coordinates": [80.192537, 13.085505]}, "properties": {"name": "Anbu Dental Implant & Maxillofacial Clinic", "emergency": "no", "type": "clinic"}}, {"type": "Feature", "geometry": {"type": "Point", "coordinates": [80.142295, 13.020009]}, "properties": {"name": "Keerthi clinic", "emergency": "no", "type": "clinic"}}, {"type": "Feature", "geometry": {"type": "Point", "coordinates": [80.180559, 13.079968]}, "properties": {"name": "VSR Hospital", "emergency": "no", "type": "hospital"}}, {"type": "Feature", "geometry": {"type": "Point", "coordinates": [80.180498, 13.080048]}, "properties": {"name": "New Life Family Hospitals", "emergency": "no", "type": "hospital"}}, {"type": "Feature", "geometry": {"type": "Point", "coordinates": [80.208322, 13.049739]}, "properties": {"name": "Vijaya Group of Hospital", "emergency": "no", "type": "hospital"}}, {"type": "Feature", "geometry": {"type": "Point", "coordinates": [80.275747, 13.061521]}, "properties": {"name": "\u0bb9\u0bbf\u0baa\u0bbe \u0b9a\u0bbf\u0bb1\u0baa\u0bcd\u0baa\u0bc1 \u0bae\u0bb0\u0bc1\u0ba4\u0bcd\u0ba4\u0bc1\u0bb5\u0bae\u0ba9\u0bc8", "emergency": "no", "type": "hospital"}}, {"type": "Feature", "geometry": {"type": "Point", "coordinates": [80.229354, 12.9857]}, "properties": {"name": "ARK Hospital", "emergency": "no", "type": "hospital"}}, {"type": "Feature", "geometry": {"type": "Point", "coordinates": [80.230749, 13.011918]}, "properties": {"name": "Medical Center / Clinic", "emergency": "no", "type": "doctors"}}, {"type": "Feature", "geometry": {"type": "Point", "coordinates": [80.221706, 13.029874]}, "properties": {"name": "Viji Clinic", "emergency": "no", "type": "clinic"}}, {"type": "Feature", "geometry": {"type": "Point", "coordinates": [80.222898, 13.031147]}, "properties": {"name": "Annamalai Hospital", "emergency": "no", "type": "hospital"}}, {"type": "Feature", "geometry": {"type": "Point", "coordinates": [80.220791, 13.031954]}, "properties": {"name": "Ezhil Hospital", "emergency": "yes", "type": "hospital"}}, {"type": "Feature", "geometry": {"type": "Point", "coordinates": [80.204366, 12.9794]}, "properties": {"name": "Qure Ortho Clinic, Physiotherapy, X Ray & Pharmacy", "emergency": "no", "type": "hospital"}}, {"type": "Feature", "geometry": {"type": "Point", "coordinates": [80.209869, 13.105563]}, "properties": {"name": "GK Clinic", "emergency": "no", "type": "clinic"}}, {"type": "Feature", "geometry": {"type": "Point", "coordinates": [80.247428, 13.029174]}, "properties": {"name": "Diabetes and Heart Care Clinic", "emergency": "no", "type": "clinic"}}, {"type": "Feature", "geometry": {"type": "Point", "coordinates": [80.269718, 13.01991]}, "properties": {"name": "Medical Center / Clinic", "emergency": "no", "type": "clinic"}}, {"type": "Feature", "geometry": {"type": "Point", "coordinates": [80.120048, 12.929761]}, "properties": {"name": "Dr.Agarwal's Eye Hospital Ltd, Tambaram", "emergency": "no", "type": "hospital"}}, {"type": "Feature", "geometry": {"type": "Point", "coordinates": [80.236282, 13.057865]}, "properties": {"name": "BK ENT care", "emergency": "no", "type": "clinic"}}, {"type": "Feature", "geometry": {"type": "Point", "coordinates": [80.234871, 13.055823]}, "properties": {"name": "Suman Clinic", "emergency": "no", "type": "clinic"}}, {"type": "Feature", "geometry": {"type": "Point", "coordinates": [80.208595, 13.028966]}, "properties": {"name": "Nivas Skin Clinic", "emergency": "no", "type": "hospital"}}, {"type": "Feature", "geometry": {"type": "Point", "coordinates": [80.253009, 13.072314]}, "properties": {"name": "Medical Center / Clinic", "emergency": "no", "type": "clinic"}}, {"type": "Feature", "geometry": {"type": "Point", "coordinates": [80.245729, 13.046457]}, "properties": {"name": "Aryan Clinic", "emergency": "no", "type": "clinic"}}, {"type": "Feature", "geometry": {"type": "Point", "coordinates": [80.26044, 13.068279]}, "properties": {"name": "Medical Center / Clinic", "emergency": "no", "type": "doctors"}}, {"type": "Feature", "geometry": {"type": "Point", "coordinates": [80.265744, 13.070836]}, "properties": {"name": "Medical Center / Clinic", "emergency": "no", "type": "clinic"}}, {"type": "Feature", "geometry": {"type": "Point", "coordinates": [80.2451, 13.033751]}, "properties": {"name": "Apollo Cancer Centres", "emergency": "no", "type": "hospital"}}, {"type": "Feature", "geometry": {"type": "Point", "coordinates": [80.230346, 13.032989]}, "properties": {"name": "Raju Hospitals", "emergency": "no", "type": "hospital"}}, {"type": "Feature", "geometry": {"type": "Point", "coordinates": [80.225452, 13.119323]}, "properties": {"name": "Raju Nursing Home, Chennai", "emergency": "no", "type": "clinic"}}, {"type": "Feature", "geometry": {"type": "Point", "coordinates": [80.177473, 13.042307]}, "properties": {"name": "Rakshith Hospitals", "emergency": "no", "type": "hospital"}}, {"type": "Feature", "geometry": {"type": "Point", "coordinates": [80.187688, 13.084488]}, "properties": {"name": "Raj Nursing Home, Tiruvallur", "emergency": "no", "type": "clinic"}}, {"type": "Feature", "geometry": {"type": "Point", "coordinates": [80.138844, 12.943962]}, "properties": {"name": "Dr. A. L. Annamalais Ent Care Centre", "emergency": "no", "type": "hospital"}}, {"type": "Feature", "geometry": {"type": "Point", "coordinates": [80.250713, 13.006398]}, "properties": {"name": "Sri Kalyan Hospital", "emergency": "no", "type": "hospital"}}, {"type": "Feature", "geometry": {"type": "Point", "coordinates": [80.143831, 12.950441]}, "properties": {"name": "A G Chrompet Health And Maternity Centre", "emergency": "no", "type": "hospital"}}, {"type": "Feature", "geometry": {"type": "Point", "coordinates": [80.256047, 13.079356]}, "properties": {"name": "Sundaravadanan Nursing Home", "emergency": "no", "type": "clinic"}}, {"type": "Feature", "geometry": {"type": "Point", "coordinates": [80.241878, 13.110565]}, "properties": {"name": "Sen Hospital", "emergency": "no", "type": "hospital"}}, {"type": "Feature", "geometry": {"type": "Point", "coordinates": [80.284745, 13.111656]}, "properties": {"name": "Angel Nursing Home, Washermenpet", "emergency": "no", "type": "clinic"}}, {"type": "Feature", "geometry": {"type": "Point", "coordinates": [80.227259, 13.075743]}, "properties": {"name": "Billroth Hospitals", "emergency": "no", "type": "hospital"}}, {"type": "Feature", "geometry": {"type": "Point", "coordinates": [80.211294, 13.10266]}, "properties": {"name": "Cauvery Trust Hospital", "emergency": "no", "type": "hospital"}}, {"type": "Feature", "geometry": {"type": "Point", "coordinates": [80.167081, 13.02291]}, "properties": {"name": "Kedar Hospital", "emergency": "no", "type": "hospital"}}, {"type": "Feature", "geometry": {"type": "Point", "coordinates": [80.179697, 13.082973]}, "properties": {"name": "Srinivas Eye Hospital", "emergency": "no", "type": "hospital"}}, {"type": "Feature", "geometry": {"type": "Point", "coordinates": [80.215641, 13.08382]}, "properties": {"name": "Soundarapandian Bone and Joint Hospital Research Institute Pvt. Ltd.", "emergency": "no", "type": "hospital"}}, {"type": "Feature", "geometry": {"type": "Point", "coordinates": [80.257281, 13.079494]}, "properties": {"name": "Dr. U. Mohan Rau Memorial Hospital - Chennai", "emergency": "no", "type": "hospital"}}, {"type": "Feature", "geometry": {"type": "Point", "coordinates": [80.206549, 13.04778]}, "properties": {"name": "Vijaya Institute Of Trauma and Orthopadics", "emergency": "no", "type": "clinic"}}, {"type": "Feature", "geometry": {"type": "Point", "coordinates": [80.234026, 13.076294]}, "properties": {"name": "Chennai Cancer Care", "emergency": "no", "type": "hospital"}}, {"type": "Feature", "geometry": {"type": "Point", "coordinates": [80.22463, 12.978945]}, "properties": {"name": "Chennai Eye Care Hospital", "emergency": "no", "type": "hospital"}}, {"type": "Feature", "geometry": {"type": "Point", "coordinates": [80.241053, 13.091794]}, "properties": {"name": "Chennai Heart Centre", "emergency": "no", "type": "hospital"}}, {"type": "Feature", "geometry": {"type": "Point", "coordinates": [80.255808, 13.026849]}, "properties": {"name": "Chennai Kaliappa Hospital", "emergency": "no", "type": "hospital"}}, {"type": "Feature", "geometry": {"type": "Point", "coordinates": [80.234156, 13.083361]}, "properties": {"name": "Mots Hospital", "emergency": "no", "type": "hospital"}}, {"type": "Feature", "geometry": {"type": "Point", "coordinates": [80.204205, 13.022355]}, "properties": {"name": "Mother and Child Care Clinic, Chennai", "emergency": "no", "type": "clinic"}}, {"type": "Feature", "geometry": {"type": "Point", "coordinates": [80.209041, 13.102534]}, "properties": {"name": "Mohan Nursing Home, Tiruvallur", "emergency": "no", "type": "clinic"}}, {"type": "Feature", "geometry": {"type": "Point", "coordinates": [80.215764, 13.072359]}, "properties": {"name": "Vasanthi Orthopaedic Hospital", "emergency": "no", "type": "hospital"}}, {"type": "Feature", "geometry": {"type": "Point", "coordinates": [80.206874, 13.007459]}, "properties": {"name": "Mina Nursing Home", "emergency": "no", "type": "clinic"}}, {"type": "Feature", "geometry": {"type": "Point", "coordinates": [80.235595, 13.044005]}, "properties": {"name": "R.M.D. Nursing Home", "emergency": "no", "type": "clinic"}}, {"type": "Feature", "geometry": {"type": "Point", "coordinates": [80.248179, 13.078813]}, "properties": {"name": "R.K. Gynaec And Maternity Hospital", "emergency": "no", "type": "hospital"}}, {"type": "Feature", "geometry": {"type": "Point", "coordinates": [80.141624, 12.945698]}, "properties": {"name": "R.K. Nursing Home, Kanchipuram", "emergency": "no", "type": "clinic"}}, {"type": "Feature", "geometry": {"type": "Point", "coordinates": [80.227829, 13.024079]}, "properties": {"name": "R.G. Stone Urological Research Institute", "emergency": "no", "type": "hospital"}}, {"type": "Feature", "geometry": {"type": "Point", "coordinates": [80.231179, 13.048591]}, "properties": {"name": "R. K. Eye Centre", "emergency": "no", "type": "hospital"}}, {"type": "Feature", "geometry": {"type": "Point", "coordinates": [80.2318, 13.071476]}, "properties": {"name": "Psymed Hospiyal", "emergency": "no", "type": "hospital"}}, {"type": "Feature", "geometry": {"type": "Point", "coordinates": [80.249651, 13.112207]}, "properties": {"name": "Priya Nursing Home, Perambur", "emergency": "no", "type": "clinic"}}, {"type": "Feature", "geometry": {"type": "Point", "coordinates": [80.288946, 13.119289]}, "properties": {"name": "Priya Nursing Home, Chennai", "emergency": "no", "type": "clinic"}}, {"type": "Feature", "geometry": {"type": "Point", "coordinates": [80.21877, 13.043309]}, "properties": {"name": "Vasanthram Hospital (P) Ltd.,", "emergency": "no", "type": "hospital"}}, {"type": "Feature", "geometry": {"type": "Point", "coordinates": [80.213315, 13.051656]}, "properties": {"name": "Vadapalani Multispeciality Hospital", "emergency": "no", "type": "hospital"}}, {"type": "Feature", "geometry": {"type": "Point", "coordinates": [80.140202, 13.037871]}, "properties": {"name": "Sri Ramachandra Hospital", "emergency": "no", "type": "hospital"}}, {"type": "Feature", "geometry": {"type": "Point", "coordinates": [80.243032, 13.04254]}, "properties": {"name": "Sri Ramana Eye Center", "emergency": "no", "type": "clinic"}}, {"type": "Feature", "geometry": {"type": "Point", "coordinates": [80.231597, 13.117369]}, "properties": {"name": "Sri Sai Sankara Dental Clinic And Orthodontic Cent", "emergency": "no", "type": "clinic"}}, {"type": "Feature", "geometry": {"type": "Point", "coordinates": [80.266512, 13.042289]}, "properties": {"name": "Sri Sayee Poly Clinic", "emergency": "no", "type": "clinic"}}, {"type": "Feature", "geometry": {"type": "Point", "coordinates": [80.263946, 13.022451]}, "properties": {"name": "Prakriti Ayurvedic Center", "emergency": "no", "type": "clinic"}}, {"type": "Feature", "geometry": {"type": "Point", "coordinates": [80.287653, 13.123231]}, "properties": {"name": "M N Eye Hospital Private Limited, Tondiarpet", "emergency": "no", "type": "hospital"}}, {"type": "Feature", "geometry": {"type": "Point", "coordinates": [80.250239, 13.083881]}, "properties": {"name": "Doctor Rexs Hospitals", "emergency": "no", "type": "hospital"}}, {"type": "Feature", "geometry": {"type": "Point", "coordinates": [80.218914, 12.985588]}, "properties": {"name": "Helios Hospital Pvt Ltd", "emergency": "no", "type": "hospital"}}, {"type": "Feature", "geometry": {"type": "Point", "coordinates": [80.189106, 12.985029]}, "properties": {"name": "Sriram Dental Clinic and Orthodontic Centre", "emergency": "no", "type": "clinic"}}, {"type": "Feature", "geometry": {"type": "Point", "coordinates": [80.26053, 13.099585]}, "properties": {"name": "Deepam Muthu Hospital", "emergency": "no", "type": "hospital"}}, {"type": "Feature", "geometry": {"type": "Point", "coordinates": [80.148008, 12.970135]}, "properties": {"name": "LK Hospitals", "emergency": "no", "type": "hospital"}}, {"type": "Feature", "geometry": {"type": "Point", "coordinates": [80.285805, 13.121776]}, "properties": {"name": "M.K. Nursing Home", "emergency": "no", "type": "clinic"}}, {"type": "Feature", "geometry": {"type": "Point", "coordinates": [80.137815, 12.971439]}, "properties": {"name": "Devibala Maternity", "emergency": "no", "type": "hospital"}}, {"type": "Feature", "geometry": {"type": "Point", "coordinates": [80.234365, 13.07277]}, "properties": {"name": "Padmini Nursing Home", "emergency": "no", "type": "clinic"}}, {"type": "Feature", "geometry": {"type": "Point", "coordinates": [80.289975, 13.123876]}, "properties": {"name": "Malligai Hospital", "emergency": "no", "type": "hospital"}}, {"type": "Feature", "geometry": {"type": "Point", "coordinates": [80.259624, 13.021325]}, "properties": {"name": "Raja Annamalai Puram Dispensary No.6", "emergency": "no", "type": "clinic"}}, {"type": "Feature", "geometry": {"type": "Point", "coordinates": [80.258871, 13.081344]}, "properties": {"name": "Joseph Eye Clinic", "emergency": "no", "type": "clinic"}}, {"type": "Feature", "geometry": {"type": "Point", "coordinates": [80.235353, 13.028265]}, "properties": {"name": "Huma Specialists Hospital and Research Centre Pvt Ltd", "emergency": "no", "type": "hospital"}}, {"type": "Feature", "geometry": {"type": "Point", "coordinates": [80.204408, 13.005745]}, "properties": {"name": "Dr Radha Rajendran Nursing Home Pvt Ltd", "emergency": "no", "type": "clinic"}}, {"type": "Feature", "geometry": {"type": "Point", "coordinates": [80.233984, 13.086389]}, "properties": {"name": "Regina Nursing Home", "emergency": "no", "type": "clinic"}}, {"type": "Feature", "geometry": {"type": "Point", "coordinates": [80.268185, 13.028161]}, "properties": {"name": "The Surgical Clinic and Nursing Home", "emergency": "no", "type": "clinic"}}, {"type": "Feature", "geometry": {"type": "Point", "coordinates": [80.187601, 12.964439]}, "properties": {"name": "Divya Hospital", "emergency": "no", "type": "hospital"}}, {"type": "Feature", "geometry": {"type": "Point", "coordinates": [80.258603, 12.995907]}, "properties": {"name": "Balaji Nursing Home - Chennai", "emergency": "no", "type": "clinic"}}, {"type": "Feature", "geometry": {"type": "Point", "coordinates": [80.248505, 13.141844]}, "properties": {"name": "Noor`S Hospital", "emergency": "no", "type": "hospital"}}, {"type": "Feature", "geometry": {"type": "Point", "coordinates": [80.22871, 13.117789]}, "properties": {"name": "Vasan Eye Care Hospital, Perambur", "emergency": "no", "type": "hospital"}}, {"type": "Feature", "geometry": {"type": "Point", "coordinates": [80.149379, 13.024717]}, "properties": {"name": "Getwel Dental Clinic", "emergency": "no", "type": "clinic"}}, {"type": "Feature", "geometry": {"type": "Point", "coordinates": [80.220748, 12.98153]}, "properties": {"name": "Ramana Clinic And Nursing Home", "emergency": "no", "type": "clinic"}}, {"type": "Feature", "geometry": {"type": "Point", "coordinates": [80.216298, 13.037976]}, "properties": {"name": "Sri Sai Krs Hospital", "emergency": "no", "type": "hospital"}}, {"type": "Feature", "geometry": {"type": "Point", "coordinates": [80.188392, 12.977971]}, "properties": {"name": "Gowri Nursing Home, Kanchipuram", "emergency": "no", "type": "hospital"}}, {"type": "Feature", "geometry": {"type": "Point", "coordinates": [80.257621, 13.049097]}, "properties": {"name": "Gopalapuram Dispensary", "emergency": "no", "type": "clinic"}}, {"type": "Feature", "geometry": {"type": "Point", "coordinates": [80.127482, 12.921414]}, "properties": {"name": "Christudas Orthopaedic Speciality Hospital", "emergency": "no", "type": "hospital"}}, {"type": "Feature", "geometry": {"type": "Point", "coordinates": [80.246997, 13.081396]}, "properties": {"name": "Satish Eye Hospital", "emergency": "no", "type": "hospital"}}, {"type": "Feature", "geometry": {"type": "Point", "coordinates": [80.203447, 13.085478]}, "properties": {"name": "Uma Eye Clinic Pvt.Ltd", "emergency": "no", "type": "clinic"}}, {"type": "Feature", "geometry": {"type": "Point", "coordinates": [80.220515, 13.074144]}, "properties": {"name": "A.K. Hospital, Chennai", "emergency": "no", "type": "hospital"}}, {"type": "Feature", "geometry": {"type": "Point", "coordinates": [80.215904, 13.033193]}, "properties": {"name": "Ammayi Eye Hospital", "emergency": "no", "type": "hospital"}}, {"type": "Feature", "geometry": {"type": "Point", "coordinates": [80.201352, 13.037967]}, "properties": {"name": "K.M. Speciality Hospital", "emergency": "no", "type": "hospital"}}, {"type": "Feature", "geometry": {"type": "Point", "coordinates": [80.292349, 13.111387]}, "properties": {"name": "Subha Hospital", "emergency": "no", "type": "hospital"}}, {"type": "Feature", "geometry": {"type": "Point", "coordinates": [80.271236, 13.017742]}, "properties": {"name": "Apollo Cosmetic Clinic", "emergency": "no", "type": "clinic"}}, {"type": "Feature", "geometry": {"type": "Point", "coordinates": [80.143779, 12.943659]}, "properties": {"name": "I Care Eye Care Eye Institute", "emergency": "no", "type": "hospital"}}, {"type": "Feature", "geometry": {"type": "Point", "coordinates": [80.239497, 13.033928]}, "properties": {"name": "Radhatri Nethralaya", "emergency": "no", "type": "hospital"}}, {"type": "Feature", "geometry": {"type": "Point", "coordinates": [80.204421, 13.040097]}, "properties": {"name": "S M Hospital, Chennai", "emergency": "no", "type": "hospital"}}, {"type": "Feature", "geometry": {"type": "Point", "coordinates": [80.200128, 13.001269]}, "properties": {"name": "Cu Shah Sankara Netralaya", "emergency": "no", "type": "hospital"}}, {"type": "Feature", "geometry": {"type": "Point", "coordinates": [80.24192, 13.111819]}, "properties": {"name": "Subiksha Nursing Home", "emergency": "no", "type": "clinic"}}, {"type": "Feature", "geometry": {"type": "Point", "coordinates": [80.209018, 13.092404]}, "properties": {"name": "Aashiana Hospital", "emergency": "no", "type": "hospital"}}, {"type": "Feature", "geometry": {"type": "Point", "coordinates": [80.212764, 13.047323]}, "properties": {"name": "SMV Nursing Home", "emergency": "no", "type": "clinic"}}, {"type": "Feature", "geometry": {"type": "Point", "coordinates": [80.249805, 13.084701]}, "properties": {"name": "Ayesha Hospital, Kilpauk", "emergency": "no", "type": "hospital"}}, {"type": "Feature", "geometry": {"type": "Point", "coordinates": [80.2461, 13.127291]}, "properties": {"name": "Fathima Nursing Home", "emergency": "no", "type": "clinic"}}, {"type": "Feature", "geometry": {"type": "Point", "coordinates": [80.251721, 13.032353]}, "properties": {"name": "Frontline Eye Hospital", "emergency": "no", "type": "hospital"}}, {"type": "Feature", "geometry": {"type": "Point", "coordinates": [80.274447, 13.047772]}, "properties": {"name": "Fousiya Hospital", "emergency": "no", "type": "hospital"}}, {"type": "Feature", "geometry": {"type": "Point", "coordinates": [80.227459, 13.076465]}, "properties": {"name": "Hande Hospital", "emergency": "no", "type": "hospital"}}, {"type": "Feature", "geometry": {"type": "Point", "coordinates": [80.241587, 13.078041]}, "properties": {"name": "Halsted Surgical Clinic", "emergency": "no", "type": "clinic"}}, {"type": "Feature", "geometry": {"type": "Point", "coordinates": [80.238114, 13.037492]}, "properties": {"name": "Dr Gurusekaran Hospital Pvt Ltd", "emergency": "no", "type": "hospital"}}, {"type": "Feature", "geometry": {"type": "Point", "coordinates": [80.221774, 13.010217]}, "properties": {"name": "Guindy Dispensary", "emergency": "no", "type": "clinic"}}, {"type": "Feature", "geometry": {"type": "Point", "coordinates": [80.186756, 12.956977]}, "properties": {"name": "Grace Multipeciality Hospital", "emergency": "no", "type": "hospital"}}, {"type": "Feature", "geometry": {"type": "Point", "coordinates": [80.206896, 12.995298]}, "properties": {"name": "G. R. Hospital & Fertility Centre", "emergency": "no", "type": "hospital"}}, {"type": "Feature", "geometry": {"type": "Point", "coordinates": [80.25852, 13.089992]}, "properties": {"name": "G K M Hospital Pvt Ltd", "emergency": "no", "type": "hospital"}}, {"type": "Feature", "geometry": {"type": "Point", "coordinates": [80.260158, 12.986453]}, "properties": {"name": "Starlight Hospitals Pvt Ltd", "emergency": "no", "type": "hospital"}}, {"type": "Feature", "geometry": {"type": "Point", "coordinates": [80.256648, 13.027462]}, "properties": {"name": "Kaliappa Renal Center", "emergency": "no", "type": "hospital"}}, {"type": "Feature", "geometry": {"type": "Point", "coordinates": [80.198674, 12.991118]}, "properties": {"name": "K P Childrens Hospital And Neuro Centre", "emergency": "no", "type": "hospital"}}, {"type": "Feature", "geometry": {"type": "Point", "coordinates": [80.210743, 13.076081]}, "properties": {"name": "Ayur Kshetra ( A Unit Of Institute Of Ayurvedic Research Pvt Ltd)", "emergency": "no", "type": "hospital"}}, {"type": "Feature", "geometry": {"type": "Point", "coordinates": [80.233976, 13.034398]}, "properties": {"name": "Krishna Eye And Ent Hospitals", "emergency": "no", "type": "hospital"}}, {"type": "Feature", "geometry": {"type": "Point", "coordinates": [80.223061, 13.084289]}, "properties": {"name": "Vishnu Eye Clinic and Laser Foundation", "emergency": "no", "type": "hospital"}}, {"type": "Feature", "geometry": {"type": "Point", "coordinates": [80.277579, 13.029093]}, "properties": {"name": "Fathimah Eye Clinic", "emergency": "no", "type": "clinic"}}, {"type": "Feature", "geometry": {"type": "Point", "coordinates": [80.122329, 13.009988]}, "properties": {"name": "Kanaga Hospital", "emergency": "no", "type": "hospital"}}, {"type": "Feature", "geometry": {"type": "Point", "coordinates": [80.264657, 13.047687]}, "properties": {"name": "Santhigiri Ayurveda and Siddha Hospital, Chennai", "emergency": "no", "type": "hospital"}}, {"type": "Feature", "geometry": {"type": "Point", "coordinates": [80.211046, 13.054729]}, "properties": {"name": "Vijaya Heart Foundation - Vijaya Hospital", "emergency": "no", "type": "hospital"}}, {"type": "Feature", "geometry": {"type": "Point", "coordinates": [80.26919, 12.995229]}, "properties": {"name": "Santosh Hospital Pvt Ltd", "emergency": "no", "type": "hospital"}}, {"type": "Feature", "geometry": {"type": "Point", "coordinates": [80.221968, 13.084741]}, "properties": {"name": "Dr.Agarwal's Eye Hospital Ltd., Anna Nagar", "emergency": "no", "type": "hospital"}}, {"type": "Feature", "geometry": {"type": "Point", "coordinates": [80.2222, 12.976271]}, "properties": {"name": "Athipathi Hospital and Research Centre", "emergency": "no", "type": "hospital"}}, {"type": "Feature", "geometry": {"type": "Point", "coordinates": [80.251914, 13.034979]}, "properties": {"name": "Girishwari Hospital Pvt Ltd", "emergency": "no", "type": "hospital"}}, {"type": "Feature", "geometry": {"type": "Point", "coordinates": [80.292361, 13.115289]}, "properties": {"name": "Sri Kumaran Multi Speciality Hospital", "emergency": "no", "type": "hospital"}}, {"type": "Feature", "geometry": {"type": "Point", "coordinates": [80.169181, 13.084012]}, "properties": {"name": "Dr. Arvind Vision Care", "emergency": "no", "type": "hospital"}}, {"type": "Feature", "geometry": {"type": "Point", "coordinates": [80.261802, 13.040701]}, "properties": {"name": "Dr. K Ravi Eye Care", "emergency": "no", "type": "hospital"}}, {"type": "Feature", "geometry": {"type": "Point", "coordinates": [80.187742, 13.089699]}, "properties": {"name": "SKS Hospital, Chennai", "emergency": "no", "type": "hospital"}}, {"type": "Feature", "geometry": {"type": "Point", "coordinates": [80.138244, 12.922037]}, "properties": {"name": "Dr. K.K. Surgical and Paediatric Centre Pvt Ltd", "emergency": "no", "type": "hospital"}}, {"type": "Feature", "geometry": {"type": "Point", "coordinates": [80.254144, 13.026869]}, "properties": {"name": "Madras Ent Research Foundation", "emergency": "no", "type": "hospital"}}, {"type": "Feature", "geometry": {"type": "Point", "coordinates": [80.257671, 13.054195]}, "properties": {"name": "Dr. Mohans Mv Diabetes Specialities Centre - Chennai", "emergency": "no", "type": "hospital"}}, {"type": "Feature", "geometry": {"type": "Point", "coordinates": [80.246898, 13.086608]}, "properties": {"name": "Dr. Meera Nursing Home", "emergency": "no", "type": "clinic"}}, {"type": "Feature", "geometry": {"type": "Point", "coordinates": [80.228211, 12.910941]}, "properties": {"name": "Chettinad Super Speciality Hospital", "emergency": "no", "type": "hospital"}}, {"type": "Feature", "geometry": {"type": "Point", "coordinates": [80.238884, 13.044951]}, "properties": {"name": "Dr V Rathna Prabhu", "emergency": "no", "type": "doctors"}}, {"type": "Feature", "geometry": {"type": "Point", "coordinates": [80.152313, 13.11852]}, "properties": {"name": "Dr.Bhats Eye Hospital", "emergency": "no", "type": "hospital"}}, {"type": "Feature", "geometry": {"type": "Point", "coordinates": [80.180017, 13.082841]}, "properties": {"name": "Nivaren Maternity Clinic", "emergency": "no", "type": "clinic"}}, {"type": "Feature", "geometry": {"type": "Point", "coordinates": [80.233699, 13.07802]}, "properties": {"name": "Lifeline Rigid Hospital", "emergency": "no", "type": "hospital"}}, {"type": "Feature", "geometry": {"type": "Point", "coordinates": [80.229984, 13.074859]}, "properties": {"name": "Dr. Seshiah Diabetes Research Institute and Dr. Balaji Diabetes Care Centre", "emergency": "no", "type": "hospital"}}, {"type": "Feature", "geometry": {"type": "Point", "coordinates": [80.252087, 13.002219]}, "properties": {"name": "Dr.Kamakshi Memorial Hospital", "emergency": "no", "type": "hospital"}}, {"type": "Feature", "geometry": {"type": "Point", "coordinates": [80.227937, 13.034051]}, "properties": {"name": "Dr.Duraiswami Eye Hospital", "emergency": "no", "type": "hospital"}}, {"type": "Feature", "geometry": {"type": "Point", "coordinates": [80.283688, 13.099106]}, "properties": {"name": "Dr.C. Satheesh", "emergency": "no", "type": "doctors"}}, {"type": "Feature", "geometry": {"type": "Point", "coordinates": [80.217608, 12.983268]}, "properties": {"name": "Dr.Agarwals Eye Hospital", "emergency": "no", "type": "hospital"}}, {"type": "Feature", "geometry": {"type": "Point", "coordinates": [80.189166, 12.982784]}, "properties": {"name": "Dr.Agarwal's Eye Hospital Ltd, Nanganallur", "emergency": "no", "type": "hospital"}}, {"type": "Feature", "geometry": {"type": "Point", "coordinates": [80.24229, 13.046549]}, "properties": {"name": "Dr. Udhaya Rajas Dental Centre", "emergency": "no", "type": "hospital"}}, {"type": "Feature", "geometry": {"type": "Point", "coordinates": [80.127977, 12.939326]}, "properties": {"name": "National Institute Of Siddha Department Of Ayush", "emergency": "no", "type": "hospital"}}, {"type": "Feature", "geometry": {"type": "Point", "coordinates": [80.246909, 13.002726]}, "properties": {"name": "Voluntary Health Services Medical Centre", "emergency": "no", "type": "clinic"}}, {"type": "Feature", "geometry": {"type": "Point", "coordinates": [80.194219, 13.097328]}, "properties": {"name": "Dhanvantari Eye Care", "emergency": "no", "type": "hospital"}}, {"type": "Feature", "geometry": {"type": "Point", "coordinates": [80.231805, 13.118312]}, "properties": {"name": "Sri Bala Nursing Home", "emergency": "no", "type": "hospital"}}, {"type": "Feature", "geometry": {"type": "Point", "coordinates": [80.258166, 13.163835]}, "properties": {"name": "Anand Hospital, Chennai", "emergency": "no", "type": "hospital"}}, {"type": "Feature", "geometry": {"type": "Point", "coordinates": [80.221869, 13.031489]}, "properties": {"name": "Lakshmi Hospital", "emergency": "no", "type": "hospital"}}, {"type": "Feature", "geometry": {"type": "Point", "coordinates": [80.220046, 12.974396]}, "properties": {"name": "Aarthi Priyas Tooth Care Clinic", "emergency": "no", "type": "clinic"}}, {"type": "Feature", "geometry": {"type": "Point", "coordinates": [80.231548, 12.932796]}, "properties": {"name": "\u0ba8\u0ba8\u0bcd\u0ba4\u0bbf\u0ba9\u0bbf \u0bae\u0bb0\u0bc1\u0ba4\u0bcd\u0ba4\u0bc1\u0bb5\u0bae\u0ba9\u0bc8", "emergency": "yes", "type": "hospital"}}, {"type": "Feature", "geometry": {"type": "Point", "coordinates": [80.152229, 12.964686]}, "properties": {"name": "B.M. Silver Jubilee Multi Speciality Hospital", "emergency": "no", "type": "hospital"}}, {"type": "Feature", "geometry": {"type": "Point", "coordinates": [80.245015, 13.048098]}, "properties": {"name": "Bharathirajaa Hospital and Research centre", "emergency": "no", "type": "hospital"}}, {"type": "Feature", "geometry": {"type": "Point", "coordinates": [80.244414, 13.069981]}, "properties": {"name": "Bethany Health Care Centre", "emergency": "no", "type": "hospital"}}, {"type": "Feature", "geometry": {"type": "Point", "coordinates": [80.1451, 12.92178]}, "properties": {"name": "Bethesda Hospital and Child Care Centre", "emergency": "no", "type": "hospital"}}, {"type": "Feature", "geometry": {"type": "Point", "coordinates": [80.29172, 13.110508]}, "properties": {"name": "Bhagwan Mahaveer Eye Hospital", "emergency": "no", "type": "hospital"}}, {"type": "Feature", "geometry": {"type": "Point", "coordinates": [80.237679, 13.110261]}, "properties": {"name": "Bharani Nursing Home", "emergency": "no", "type": "clinic"}}, {"type": "Feature", "geometry": {"type": "Point", "coordinates": [80.193783, 12.982328]}, "properties": {"name": "Bharath Hospital", "emergency": "no", "type": "hospital"}}, {"type": "Feature", "geometry": {"type": "Point", "coordinates": [80.258279, 13.038261]}, "properties": {"name": "Trinity Acute Care Hospital - Chennai", "emergency": "no", "type": "hospital"}}, {"type": "Feature", "geometry": {"type": "Point", "coordinates": [80.226987, 13.027444]}, "properties": {"name": "Balakrishna Eye Hospital", "emergency": "no", "type": "hospital"}}, {"type": "Feature", "geometry": {"type": "Point", "coordinates": [80.208215, 12.937883]}, "properties": {"name": "Balagandhara Varma Nursing Home and Research Center", "emergency": "no", "type": "clinic"}}, {"type": "Feature", "geometry": {"type": "Point", "coordinates": [80.237494, 13.053385]}, "properties": {"name": "Bagdi Nursing Home", "emergency": "no", "type": "clinic"}}, {"type": "Feature", "geometry": {"type": "Point", "coordinates": [80.150486, 13.119077]}, "properties": {"name": "Dr Rabindran's Health Care Center", "emergency": "no", "type": "hospital"}}, {"type": "Feature", "geometry": {"type": "Point", "coordinates": [80.265523, 13.026013]}, "properties": {"name": "B.S.S. Hospital", "emergency": "yes", "type": "hospital"}}, {"type": "Feature", "geometry": {"type": "Point", "coordinates": [80.138437, 12.934323]}, "properties": {"name": "B.S. Hospital", "emergency": "no", "type": "hospital"}}, {"type": "Feature", "geometry": {"type": "Point", "coordinates": [80.245483, 13.051944]}, "properties": {"name": "B.R.S. Hospital Pvt. Ltd.", "emergency": "no", "type": "hospital"}}, {"type": "Feature", "geometry": {"type": "Point", "coordinates": [80.255814, 13.037303]}, "properties": {"name": "Harvey Healthcare Limited", "emergency": "no", "type": "hospital"}}, {"type": "Feature", "geometry": {"type": "Point", "coordinates": [80.247648, 13.051825]}, "properties": {"name": "Chitra's Ent Laser Hospital", "emergency": "no", "type": "hospital"}}, {"type": "Feature", "geometry": {"type": "Point", "coordinates": [80.142282, 12.989369]}, "properties": {"name": "Das Nursing Home", "emergency": "no", "type": "clinic"}}, {"type": "Feature", "geometry": {"type": "Point", "coordinates": [80.231302, 13.039548]}, "properties": {"name": "Kottakkal Arya Vaidya Sala", "emergency": "no", "type": "hospital"}}, {"type": "Feature", "geometry": {"type": "Point", "coordinates": [80.258354, 13.08633]}, "properties": {"name": "C.U. Shah Clinic And Diagnostic Center", "emergency": "no", "type": "clinic"}}, {"type": "Feature", "geometry": {"type": "Point", "coordinates": [80.299898, 13.151229]}, "properties": {"name": "Rohit Hospital, Tiruvallur", "emergency": "no", "type": "hospital"}}, {"type": "Feature", "geometry": {"type": "Point", "coordinates": [80.214687, 13.040573]}, "properties": {"name": "Je Nesam Hospital", "emergency": "no", "type": "hospital"}}, {"type": "Feature", "geometry": {"type": "Point", "coordinates": [80.261962, 13.03762]}, "properties": {"name": "Chennai Meenakshi Multispeciality Hospital Ltd", "emergency": "no", "type": "hospital"}}, {"type": "Feature", "geometry": {"type": "Point", "coordinates": [80.259292, 13.021039]}, "properties": {"name": "Chennai Skin Foundation and Yesudian Research Institute", "emergency": "no", "type": "hospital"}}, {"type": "Feature", "geometry": {"type": "Point", "coordinates": [80.228278, 13.074333]}, "properties": {"name": "Dr.Mu.Va.Hospital", "emergency": "no", "type": "hospital"}}, {"type": "Feature", "geometry": {"type": "Point", "coordinates": [80.179864, 13.084453]}, "properties": {"name": "Cholayil Sanjeevanam Ayurveda", "emergency": "no", "type": "hospital"}}, {"type": "Feature", "geometry": {"type": "Point", "coordinates": [80.292714, 13.145686]}, "properties": {"name": "Vandana Hospital, Tiruvallur", "emergency": "no", "type": "hospital"}}, {"type": "Feature", "geometry": {"type": "Point", "coordinates": [80.138449, 12.951261]}, "properties": {"name": "Dr.Kumar'S Ortho Clinic", "emergency": "no", "type": "clinic"}}, {"type": "Feature", "geometry": {"type": "Point", "coordinates": [80.270564, 13.064133]}, "properties": {"name": "Mysaan Hospital", "emergency": "no", "type": "hospital"}}, {"type": "Feature", "geometry": {"type": "Point", "coordinates": [80.197998, 13.046289]}, "properties": {"name": "V H M Hospitals Pvt Ltd", "emergency": "no", "type": "hospital"}}, {"type": "Feature", "geometry": {"type": "Point", "coordinates": [80.258775, 13.081568]}, "properties": {"name": "Ritherdon Nursing Home", "emergency": "no", "type": "clinic"}}, {"type": "Feature", "geometry": {"type": "Point", "coordinates": [80.198903, 13.080774]}, "properties": {"name": "Robin and Robin Health Care", "emergency": "no", "type": "hospital"}}, {"type": "Feature", "geometry": {"type": "Point", "coordinates": [80.215956, 13.08505]}, "properties": {"name": "West Madras Medical Centre", "emergency": "no", "type": "hospital"}}, {"type": "Feature", "geometry": {"type": "Point", "coordinates": [80.290985, 13.109861]}, "properties": {"name": "Rathina Clinic", "emergency": "no", "type": "clinic"}}, {"type": "Feature", "geometry": {"type": "Point", "coordinates": [80.256821, 13.039056]}, "properties": {"name": "Kauvery Hospital, Chennai", "emergency": "no", "type": "hospital"}}, {"type": "Feature", "geometry": {"type": "Point", "coordinates": [80.217984, 13.09165]}, "properties": {"name": "Rathi Med Speciality Hospital", "emergency": "no", "type": "hospital"}}, {"type": "Feature", "geometry": {"type": "Point", "coordinates": [80.284929, 13.111348]}, "properties": {"name": "Rathenam Nursing Home", "emergency": "no", "type": "clinic"}}, {"type": "Feature", "geometry": {"type": "Point", "coordinates": [80.255186, 12.950784]}, "properties": {"name": "Santhi Hospital", "emergency": "yes", "type": "hospital"}}, {"type": "Feature", "geometry": {"type": "Point", "coordinates": [80.258056, 13.033189]}, "properties": {"name": "Suraksha Ent Care Centre", "emergency": "no", "type": "clinic"}}, {"type": "Feature", "geometry": {"type": "Point", "coordinates": [80.215972, 13.08497]}, "properties": {"name": "Sunder Eye Hospital", "emergency": "no", "type": "hospital"}}, {"type": "Feature", "geometry": {"type": "Point", "coordinates": [80.263635, 13.043547]}, "properties": {"name": "Laksha Hospital", "emergency": "no", "type": "hospital"}}, {"type": "Feature", "geometry": {"type": "Point", "coordinates": [80.208752, 13.136821]}, "properties": {"name": "Lake View Hospital, Tiruvallur", "emergency": "no", "type": "hospital"}}, {"type": "Feature", "geometry": {"type": "Point", "coordinates": [80.25476, 13.089377]}, "properties": {"name": "Narayanaa Hospital", "emergency": "no", "type": "hospital"}}, {"type": "Feature", "geometry": {"type": "Point", "coordinates": [80.185963, 12.957475]}, "properties": {"name": "Lakshmi Clinic", "emergency": "no", "type": "clinic"}}, {"type": "Feature", "geometry": {"type": "Point", "coordinates": [80.26232, 13.026946]}, "properties": {"name": "Janamma Hospital", "emergency": "no", "type": "hospital"}}, {"type": "Feature", "geometry": {"type": "Point", "coordinates": [80.282196, 13.097057]}, "properties": {"name": "Janaki E.N.T. Nursing Home", "emergency": "no", "type": "clinic"}}, {"type": "Feature", "geometry": {"type": "Point", "coordinates": [80.253244, 13.082154]}, "properties": {"name": "Noble Hospital, Chennai", "emergency": "no", "type": "hospital"}}, {"type": "Feature", "geometry": {"type": "Point", "coordinates": [80.29348, 13.135451]}, "properties": {"name": "J.K. Hospital, Chennai", "emergency": "no", "type": "hospital"}}, {"type": "Feature", "geometry": {"type": "Point", "coordinates": [80.28226, 13.112941]}, "properties": {"name": "Ishwarya Nursing Home", "emergency": "no", "type": "clinic"}}, {"type": "Feature", "geometry": {"type": "Point", "coordinates": [80.262239, 13.022206]}, "properties": {"name": "Indira Eye Hospital", "emergency": "no", "type": "hospital"}}, {"type": "Feature", "geometry": {"type": "Point", "coordinates": [80.20575, 13.076666]}, "properties": {"name": "Indian Hospitals", "emergency": "no", "type": "hospital"}}, {"type": "Feature", "geometry": {"type": "Point", "coordinates": [80.227943, 13.116852]}, "properties": {"name": "Sheeba Multi Speciality Clinic", "emergency": "no", "type": "clinic"}}, {"type": "Feature", "geometry": {"type": "Point", "coordinates": [80.295207, 13.111946]}, "properties": {"name": "Diabetes Research Centre and M.V.Hospital For Diabetes", "emergency": "no", "type": "hospital"}}, {"type": "Feature", "geometry": {"type": "Point", "coordinates": [80.2551, 12.950427]}, "properties": {"name": "Vasan Eye Care Hospital, Neelankarai", "emergency": "no", "type": "hospital"}}, {"type": "Feature", "geometry": {"type": "Point", "coordinates": [80.20008, 12.992659]}, "properties": {"name": "Sarathy Nursing Home", "emergency": "no", "type": "clinic"}}, {"type": "Feature", "geometry": {"type": "Point", "coordinates": [80.245922, 13.077691]}, "properties": {"name": "Apollo First Medical Foundation", "emergency": "no", "type": "hospital"}}, {"type": "Feature", "geometry": {"type": "Point", "coordinates": [80.139923, 12.946116]}, "properties": {"name": "Jyothsana Nursing Home", "emergency": "no", "type": "clinic"}}, {"type": "Feature", "geometry": {"type": "Point", "coordinates": [80.250695, 13.106312]}, "properties": {"name": "Julian Nursing Home", "emergency": "no", "type": "clinic"}}, {"type": "Feature", "geometry": {"type": "Point", "coordinates": [80.235735, 13.073941]}, "properties": {"name": "Josephs Nursing Home", "emergency": "no", "type": "hospital"}}, {"type": "Feature", "geometry": {"type": "Point", "coordinates": [80.141636, 12.954833]}, "properties": {"name": "Jip Diabetic and Heart Care Centre", "emergency": "no", "type": "hospital"}}, {"type": "Feature", "geometry": {"type": "Point", "coordinates": [80.260334, 12.995856]}, "properties": {"name": "Jayam Polyclinc", "emergency": "no", "type": "hospital"}}, {"type": "Feature", "geometry": {"type": "Point", "coordinates": [80.289497, 13.122272]}, "properties": {"name": "Jayam Nursing Home", "emergency": "no", "type": "clinic"}}, {"type": "Feature", "geometry": {"type": "Point", "coordinates": [80.241529, 13.077855]}, "properties": {"name": "Jayadev Polyclinic Hospital", "emergency": "no", "type": "hospital"}}, {"type": "Feature", "geometry": {"type": "Point", "coordinates": [80.269974, 13.026589]}, "properties": {"name": "Jaya Eye Clinic", "emergency": "no", "type": "clinic"}}, {"type": "Feature", "geometry": {"type": "Point", "coordinates": [80.123004, 12.93355]}, "properties": {"name": "Jawahar Hospital, Kanchipuram", "emergency": "no", "type": "hospital"}}, {"type": "Feature", "geometry": {"type": "Point", "coordinates": [80.138871, 12.919499]}, "properties": {"name": "Janani Nursing Home Pvt Ltd", "emergency": "no", "type": "clinic"}}, {"type": "Feature", "geometry": {"type": "Point", "coordinates": [80.230291, 13.060035]}, "properties": {"name": "Kummaran Eye Speciality Centre", "emergency": "no", "type": "hospital"}}, {"type": "Feature", "geometry": {"type": "Point", "coordinates": [80.242156, 13.12823]}, "properties": {"name": "Kvt Health Centre", "emergency": "no", "type": "hospital"}}, {"type": "Feature", "geometry": {"type": "Point", "coordinates": [80.209706, 13.031307]}, "properties": {"name": "Maya Nursing Home Pvt Ltd", "emergency": "no", "type": "clinic"}}, {"type": "Feature", "geometry": {"type": "Point", "coordinates": [80.291685, 13.130226]}, "properties": {"name": "Ezhil Hospital", "emergency": "no", "type": "hospital"}}, {"type": "Feature", "geometry": {"type": "Point", "coordinates": [80.22639, 13.116568]}, "properties": {"name": "Eswari Nursing Home", "emergency": "no", "type": "clinic"}}, {"type": "Feature", "geometry": {"type": "Point", "coordinates": [80.220851, 13.084249]}, "properties": {"name": "Premier Health Center", "emergency": "no", "type": "hospital"}}, {"type": "Feature", "geometry": {"type": "Point", "coordinates": [80.252724, 13.073197]}, "properties": {"name": "Vasantha Subramanian Hospitals Pvt Ltd", "emergency": "no", "type": "hospital"}}, {"type": "Feature", "geometry": {"type": "Point", "coordinates": [80.28122, 13.110901]}, "properties": {"name": "Vasan Eye Care Hospital, Tondiarpet", "emergency": "no", "type": "hospital"}}, {"type": "Feature", "geometry": {"type": "Point", "coordinates": [80.222004, 13.046106]}, "properties": {"name": "Madras Poly Clinic and R.R. Scan", "emergency": "no", "type": "hospital"}}, {"type": "Feature", "geometry": {"type": "Point", "coordinates": [80.174755, 13.041106]}, "properties": {"name": "Vasan Eye Care Hospital, Valasaravakkam", "emergency": "no", "type": "hospital"}}, {"type": "Feature", "geometry": {"type": "Point", "coordinates": [80.273051, 13.064496]}, "properties": {"name": "Lister Nursing Home", "emergency": "no", "type": "clinic"}}, {"type": "Feature", "geometry": {"type": "Point", "coordinates": [80.257521, 13.000771]}, "properties": {"name": "Lifeline Cliniq , Adyar", "emergency": "no", "type": "clinic"}}, {"type": "Feature", "geometry": {"type": "Point", "coordinates": [80.257691, 13.053551]}, "properties": {"name": "Life Medhospital", "emergency": "no", "type": "hospital"}}, {"type": "Feature", "geometry": {"type": "Point", "coordinates": [80.242117, 13.088411]}, "properties": {"name": "K.M. Hospitals, Chennai", "emergency": "no", "type": "hospital"}}, {"type": "Feature", "geometry": {"type": "Point", "coordinates": [80.235777, 13.074196]}, "properties": {"name": "Zubeda Hospitals Ltd.", "emergency": "no", "type": "hospital"}}, {"type": "Feature", "geometry": {"type": "Point", "coordinates": [80.248137, 13.108976]}, "properties": {"name": "Sree Narayana Nursing Home", "emergency": "no", "type": "clinic"}}, {"type": "Feature", "geometry": {"type": "Point", "coordinates": [80.274012, 13.058475]}, "properties": {"name": "RR Multispeciality Hospital", "emergency": "no", "type": "hospital"}}, {"type": "Feature", "geometry": {"type": "Point", "coordinates": [80.23928, 13.035016]}, "properties": {"name": "Dr.N. Nagajothi,M.D", "emergency": "no", "type": "doctors"}}, {"type": "Feature", "geometry": {"type": "Point", "coordinates": [80.236767, 13.074384]}, "properties": {"name": "Dr.Manju Kulkarni Hospital", "emergency": "no", "type": "hospital"}}, {"type": "Feature", "geometry": {"type": "Point", "coordinates": [80.171213, 13.039506]}, "properties": {"name": "Sri Hanu Nursing Home", "emergency": "no", "type": "clinic"}}, {"type": "Feature", "geometry": {"type": "Point", "coordinates": [80.185447, 13.045576]}, "properties": {"name": "Sri Ganesa Eye Clinic", "emergency": "no", "type": "clinic"}}, {"type": "Feature", "geometry": {"type": "Point", "coordinates": [80.213702, 13.038894]}, "properties": {"name": "Vaman Clinic Eye and Ent Care", "emergency": "no", "type": "clinic"}}, {"type": "Feature", "geometry": {"type": "Point", "coordinates": [80.224146, 13.047324]}, "properties": {"name": "S.V. Bone And Joint Hospital", "emergency": "no", "type": "hospital"}}, {"type": "Feature", "geometry": {"type": "Point", "coordinates": [80.257334, 12.969346]}, "properties": {"name": "S.S Nursing Home", "emergency": "no", "type": "clinic"}}, {"type": "Feature", "geometry": {"type": "Point", "coordinates": [80.192764, 12.965227]}, "properties": {"name": "Sri G.M. Hospital", "emergency": "no", "type": "hospital"}}, {"type": "Feature", "geometry": {"type": "Point", "coordinates": [80.236264, 13.098121]}, "properties": {"name": "Sri Eshodha Hospital", "emergency": "no", "type": "hospital"}}, {"type": "Feature", "geometry": {"type": "Point", "coordinates": [80.185138, 12.97853]}, "properties": {"name": "Srichakara Multispeciality Hospital", "emergency": "no", "type": "hospital"}}, {"type": "Feature", "geometry": {"type": "Point", "coordinates": [80.21595, 13.06963]}, "properties": {"name": "Peoples Nursing Home, Chennai", "emergency": "no", "type": "clinic"}}, {"type": "Feature", "geometry": {"type": "Point", "coordinates": [80.232844, 13.116018]}, "properties": {"name": "Abhijay Hospital", "emergency": "no", "type": "hospital"}}, {"type": "Feature", "geometry": {"type": "Point", "coordinates": [80.137125, 12.973139]}, "properties": {"name": "Arvind Sai Eye Hospital", "emergency": "no", "type": "hospital"}}, {"type": "Feature", "geometry": {"type": "Point", "coordinates": [80.277848, 13.035062]}, "properties": {"name": "Sinus And Nose Hospital - Mylapore, Chennai", "emergency": "no", "type": "hospital"}}, {"type": "Feature", "geometry": {"type": "Point", "coordinates": [80.143401, 12.920658]}, "properties": {"name": "Sindu Hospital", "emergency": "no", "type": "hospital"}}, {"type": "Feature", "geometry": {"type": "Point", "coordinates": [80.190456, 12.969792]}, "properties": {"name": "Sibi Hospital", "emergency": "no", "type": "hospital"}}, {"type": "Feature", "geometry": {"type": "Point", "coordinates": [80.281975, 13.110119]}, "properties": {"name": "Shyamala Nursing Home, Chennai", "emergency": "no", "type": "clinic"}}, {"type": "Feature", "geometry": {"type": "Point", "coordinates": [80.185987, 12.985791]}, "properties": {"name": "Sri Venkateshwara`s C.M. Hospital", "emergency": "no", "type": "hospital"}}, {"type": "Feature", "geometry": {"type": "Point", "coordinates": [80.246685, 13.110047]}, "properties": {"name": "Srinivas Priya Hospital (P) Ltd", "emergency": "no", "type": "hospital"}}, {"type": "Feature", "geometry": {"type": "Point", "coordinates": [80.188005, 12.963741]}, "properties": {"name": "Anjakha Hospital", "emergency": "no", "type": "hospital"}}, {"type": "Feature", "geometry": {"type": "Point", "coordinates": [80.143813, 12.952144]}, "properties": {"name": "M.S.M. Skin and Hair Care Clinic", "emergency": "no", "type": "hospital"}}, {"type": "Feature", "geometry": {"type": "Point", "coordinates": [80.219578, 13.072528]}, "properties": {"name": "M.R. Hospital, Chennai", "emergency": "no", "type": "hospital"}}, {"type": "Feature", "geometry": {"type": "Point", "coordinates": [80.233665, 13.081033]}, "properties": {"name": "M. N. Orthopaedic Hospital", "emergency": "yes", "type": "hospital"}}, {"type": "Feature", "geometry": {"type": "Point", "coordinates": [80.186102, 13.04522]}, "properties": {"name": "M.L Dental Clinic", "emergency": "no", "type": "clinic"}}, {"type": "Feature", "geometry": {"type": "Point", "coordinates": [80.295693, 13.112157]}, "properties": {"name": "M V Hospital For Diabetes Pvt Ltd", "emergency": "no", "type": "hospital"}}, {"type": "Feature", "geometry": {"type": "Point", "coordinates": [80.26036, 12.996767]}, "properties": {"name": "M N Eye Hospital", "emergency": "no", "type": "hospital"}}, {"type": "Feature", "geometry": {"type": "Point", "coordinates": [80.286419, 13.11708]}, "properties": {"name": "A.V. Hospital, Chennai", "emergency": "no", "type": "hospital"}}, {"type": "Feature", "geometry": {"type": "Point", "coordinates": [80.207988, 12.998194]}, "properties": {"name": "N.K Clinic", "emergency": "no", "type": "clinic"}}, {"type": "Feature", "geometry": {"type": "Point", "coordinates": [80.230974, 13.112216]}, "properties": {"name": "N.R. Hospital", "emergency": "no", "type": "hospital"}}, {"type": "Feature", "geometry": {"type": "Point", "coordinates": [80.259714, 13.096588]}, "properties": {"name": "N.R. Medical Home Private Limited", "emergency": "no", "type": "hospital"}}, {"type": "Feature", "geometry": {"type": "Point", "coordinates": [80.289427, 13.117412]}, "properties": {"name": "Nagamani Hospitals Private Limited", "emergency": "no", "type": "hospital"}}, {"type": "Feature", "geometry": {"type": "Point", "coordinates": [80.261018, 13.118422]}, "properties": {"name": "Nalamm Hospital Pvt Ltd", "emergency": "no", "type": "hospital"}}, {"type": "Feature", "geometry": {"type": "Point", "coordinates": [80.272364, 13.057642]}, "properties": {"name": "Nambi Nursing Home and Research Centre", "emergency": "no", "type": "clinic"}}, {"type": "Feature", "geometry": {"type": "Point", "coordinates": [80.261517, 13.032852]}, "properties": {"name": "Nandalala Medical Foundation", "emergency": "no", "type": "hospital"}}, {"type": "Feature", "geometry": {"type": "Point", "coordinates": [80.21388, 13.130891]}, "properties": {"name": "Sri Kumaran Health Centre", "emergency": "no", "type": "hospital"}}, {"type": "Feature", "geometry": {"type": "Point", "coordinates": [80.19324, 13.015422]}, "properties": {"name": "Nandambakkam Dispensary", "emergency": "no", "type": "clinic"}}, {"type": "Feature", "geometry": {"type": "Point", "coordinates": [80.224793, 12.978471]}, "properties": {"name": "Nandhini Hospital", "emergency": "no", "type": "hospital"}}, {"type": "Feature", "geometry": {"type": "Point", "coordinates": [80.260788, 13.026511]}, "properties": {"name": "Navasuja Sankara Nethralaya", "emergency": "no", "type": "hospital"}}, {"type": "Feature", "geometry": {"type": "Point", "coordinates": [80.203075, 13.083452]}, "properties": {"name": "Neomed Hospital - Chennai", "emergency": "no", "type": "hospital"}}, {"type": "Feature", "geometry": {"type": "Point", "coordinates": [80.231118, 13.031647]}, "properties": {"name": "New Balaji Hospital, Chennai", "emergency": "no", "type": "hospital"}}, {"type": "Feature", "geometry": {"type": "Point", "coordinates": [80.241483, 13.077758]}, "properties": {"name": "New Hope Indian Specilaity Hospital", "emergency": "no", "type": "hospital"}}, {"type": "Feature", "geometry": {"type": "Point", "coordinates": [80.24152, 13.077682]}, "properties": {"name": "New Hope Medical Centre Pvt. Ltd", "emergency": "no", "type": "hospital"}}, {"type": "Feature", "geometry": {"type": "Point", "coordinates": [80.294028, 13.111251]}, "properties": {"name": "Nichani Health Centre", "emergency": "no", "type": "hospital"}}, {"type": "Feature", "geometry": {"type": "Point", "coordinates": [80.248175, 13.066617]}, "properties": {"name": "Nungambakkam Dispensary CandB Block", "emergency": "no", "type": "clinic"}}, {"type": "Feature", "geometry": {"type": "Point", "coordinates": [80.150775, 13.118422]}, "properties": {"name": "Om Shakthi Hospital", "emergency": "no", "type": "hospital"}}, {"type": "Feature", "geometry": {"type": "Point", "coordinates": [80.208672, 13.039056]}, "properties": {"name": "Orthopedic and Specialities Hospital", "emergency": "no", "type": "hospital"}}, {"type": "Feature", "geometry": {"type": "Point", "coordinates": [80.235154, 13.076887]}, "properties": {"name": "Padma Clinic And Nursing Home", "emergency": "no", "type": "clinic"}}, {"type": "Feature", "geometry": {"type": "Point", "coordinates": [80.253703, 12.999622]}, "properties": {"name": "Padmapriya Hospital Pvt. Ltd.", "emergency": "no", "type": "hospital"}}, {"type": "Feature", "geometry": {"type": "Point", "coordinates": [80.223508, 13.012212]}, "properties": {"name": "Palani Balaji Fertility Centre", "emergency": "no", "type": "hospital"}}, {"type": "Feature", "geometry": {"type": "Point", "coordinates": [80.2126, 13.042039]}, "properties": {"name": "Pallava Hospital", "emergency": "no", "type": "hospital"}}, {"type": "Feature", "geometry": {"type": "Point", "coordinates": [80.212418, 13.047958]}, "properties": {"name": "P&G Nursing Home", "emergency": "no", "type": "clinic"}}, {"type": "Feature", "geometry": {"type": "Point", "coordinates": [80.183596, 12.980147]}, "properties": {"name": "Pankajam Memorial Hospital", "emergency": "no", "type": "hospital"}}, {"type": "Feature", "geometry": {"type": "Point", "coordinates": [80.252366, 13.060131]}, "properties": {"name": "Apollo Childrens Hospital", "emergency": "no", "type": "hospital"}}, {"type": "Feature", "geometry": {"type": "Point", "coordinates": [80.233755, 13.035688]}, "properties": {"name": "Anuradha Maternity Centre", "emergency": "no", "type": "hospital"}}, {"type": "Feature", "geometry": {"type": "Point", "coordinates": [80.251163, 13.091971]}, "properties": {"name": "Shri Balaji Hospital - Chennai", "emergency": "no", "type": "hospital"}}, {"type": "Feature", "geometry": {"type": "Point", "coordinates": [80.200854, 13.093937]}, "properties": {"name": "Shivas Eye Care", "emergency": "no", "type": "clinic"}}, {"type": "Feature", "geometry": {"type": "Point", "coordinates": [80.226093, 13.125578]}, "properties": {"name": "Shepherd Nursing Home", "emergency": "no", "type": "clinic"}}, {"type": "Feature", "geometry": {"type": "Point", "coordinates": [80.259461, 13.097639]}, "properties": {"name": "Perambur Dispensary", "emergency": "no", "type": "clinic"}}, {"type": "Feature", "geometry": {"type": "Point", "coordinates": [80.147549, 12.9512]}, "properties": {"name": "K. H. Nursing Home", "emergency": "no", "type": "clinic"}}, {"type": "Feature", "geometry": {"type": "Point", "coordinates": [80.222632, 13.071034]}, "properties": {"name": "Tamil Nadu Urological Research Centre", "emergency": "no", "type": "hospital"}}, {"type": "Feature", "geometry": {"type": "Point", "coordinates": [80.301893, 13.157773]}, "properties": {"name": "Sss Hospital", "emergency": "no", "type": "hospital"}}, {"type": "Feature", "geometry": {"type": "Point", "coordinates": [80.246335, 13.002916]}, "properties": {"name": "Vhs Diabeted Research Centre", "emergency": "no", "type": "clinic"}}, {"type": "Feature", "geometry": {"type": "Point", "coordinates": [80.255478, 12.989204]}, "properties": {"name": "Ponraj Eye Clinic", "emergency": "no", "type": "clinic"}}, {"type": "Feature", "geometry": {"type": "Point", "coordinates": [80.186798, 12.967335]}, "properties": {"name": "Thirimoorthys Heart Care Hospital", "emergency": "no", "type": "hospital"}}, {"type": "Feature", "geometry": {"type": "Point", "coordinates": [80.230005, 13.051718]}, "properties": {"name": "Thulasi Krishna Nursing Home, Kodambakkam", "emergency": "no", "type": "hospital"}}, {"type": "Feature", "geometry": {"type": "Point", "coordinates": [80.303297, 13.165218]}, "properties": {"name": "Sugam Hospital, Tiruvallur", "emergency": "no", "type": "hospital"}}, {"type": "Feature", "geometry": {"type": "Point", "coordinates": [80.274304, 13.06331]}, "properties": {"name": "Star Bone Joint Center", "emergency": "no", "type": "clinic"}}, {"type": "Feature", "geometry": {"type": "Point", "coordinates": [80.238216, 13.074266]}, "properties": {"name": "Dr. Agarwal's Eye Hospital", "emergency": "no", "type": "hospital"}}, {"type": "Feature", "geometry": {"type": "Point", "coordinates": [80.224467, 13.085018]}, "properties": {"name": "Selvarangam Hospital", "emergency": "no", "type": "hospital"}}, {"type": "Feature", "geometry": {"type": "Point", "coordinates": [80.169078, 12.949835]}, "properties": {"name": "Medical Center / Clinic", "emergency": "no", "type": "hospital"}}, {"type": "Feature", "geometry": {"type": "Point", "coordinates": [80.250544, 13.067084]}, "properties": {"name": "Sankara Nethralaya, Chennai", "emergency": "no", "type": "hospital"}}, {"type": "Feature", "geometry": {"type": "Point", "coordinates": [80.246257, 13.083643]}, "properties": {"name": "Akn Nursing Home", "emergency": "no", "type": "clinic"}}, {"type": "Feature", "geometry": {"type": "Point", "coordinates": [80.272828, 13.036578]}, "properties": {"name": "Sampat Nursing Home", "emergency": "no", "type": "clinic"}}, {"type": "Feature", "geometry": {"type": "Point", "coordinates": [80.14114, 12.953421]}, "properties": {"name": "Rrase Nursing Home", "emergency": "no", "type": "clinic"}}, {"type": "Feature", "geometry": {"type": "Point", "coordinates": [80.184651, 13.044968]}, "properties": {"name": "Royal Hospital - Chennai", "emergency": "no", "type": "hospital"}}, {"type": "Feature", "geometry": {"type": "Point", "coordinates": [80.17159, 13.030913]}, "properties": {"name": "Viganesh Hospital", "emergency": "no", "type": "hospital"}}, {"type": "Feature", "geometry": {"type": "Point", "coordinates": [80.246143, 12.964078]}, "properties": {"name": "Sri Lakshmi Multi Speciality Hospital Pvt Ltd", "emergency": "no", "type": "hospital"}}, {"type": "Feature", "geometry": {"type": "Point", "coordinates": [80.227076, 13.11359]}, "properties": {"name": "Dr Agarwal Eye Hospital Ltd", "emergency": "no", "type": "hospital"}}, {"type": "Feature", "geometry": {"type": "Point", "coordinates": [80.304305, 13.166552]}, "properties": {"name": "Karthik Hospital", "emergency": "no", "type": "hospital"}}, {"type": "Feature", "geometry": {"type": "Point", "coordinates": [80.17495, 13.083445]}, "properties": {"name": "Spandana Surgical Centre", "emergency": "no", "type": "hospital"}}, {"type": "Feature", "geometry": {"type": "Point", "coordinates": [80.242465, 13.082702]}, "properties": {"name": "Tosh Hospitals Private Limited", "emergency": "no", "type": "hospital"}}, {"type": "Feature", "geometry": {"type": "Point", "coordinates": [80.232562, 13.03419]}, "properties": {"name": "Dr Vas Dental Clinic", "emergency": "no", "type": "clinic"}}, {"type": "Feature", "geometry": {"type": "Point", "coordinates": [80.146014, 13.116415]}, "properties": {"name": "Sri Vaishnavi Nursing Home", "emergency": "no", "type": "clinic"}}, {"type": "Feature", "geometry": {"type": "Point", "coordinates": [80.236622, 13.07604]}, "properties": {"name": "Sundaram Cancer Centre", "emergency": "no", "type": "hospital"}}, {"type": "Feature", "geometry": {"type": "Point", "coordinates": [80.204042, 13.048399]}, "properties": {"name": "R.R. Eye Instutute and Laser Foundation", "emergency": "no", "type": "hospital"}}, {"type": "Feature", "geometry": {"type": "Point", "coordinates": [80.224746, 13.084629]}, "properties": {"name": "Rajalakshmi Nursing Home", "emergency": "no", "type": "clinic"}}, {"type": "Feature", "geometry": {"type": "Point", "coordinates": [80.263711, 13.044149]}, "properties": {"name": "Avm Medical Ent Research Foundation Pvt Ltd", "emergency": "no", "type": "hospital"}}, {"type": "Feature", "geometry": {"type": "Point", "coordinates": [80.248616, 13.08068]}, "properties": {"name": "Aditya Hospital, Chennai", "emergency": "no", "type": "hospital"}}, {"type": "Feature", "geometry": {"type": "Point", "coordinates": [80.237152, 13.043012]}, "properties": {"name": "Laser and Laparascopic Hospital", "emergency": "no", "type": "hospital"}}, {"type": "Feature", "geometry": {"type": "Point", "coordinates": [80.185183, 13.047707]}, "properties": {"name": "Lalitha Nurshing Home", "emergency": "no", "type": "clinic"}}, {"type": "Feature", "geometry": {"type": "Point", "coordinates": [80.252844, 12.993867]}, "properties": {"name": "Lakshmi Maternity Hospital", "emergency": "no", "type": "hospital"}}, {"type": "Feature", "geometry": {"type": "Point", "coordinates": [80.249089, 13.079029]}, "properties": {"name": "Kumaran Hospital Pvt.Ltd.", "emergency": "no", "type": "hospital"}}, {"type": "Feature", "geometry": {"type": "Point", "coordinates": [80.224244, 13.122567]}, "properties": {"name": "Kts Nursing Home", "emergency": "no", "type": "clinic"}}, {"type": "Feature", "geometry": {"type": "Point", "coordinates": [80.199636, 13.121789]}, "properties": {"name": "D R J Hospital P. Ltd.", "emergency": "no", "type": "hospital"}}, {"type": "Feature", "geometry": {"type": "Point", "coordinates": [80.161934, 13.038135]}, "properties": {"name": "Dr Agarwals Eye Hospital Ltd, Chennai", "emergency": "no", "type": "hospital"}}, {"type": "Feature", "geometry": {"type": "Point", "coordinates": [80.271101, 13.017796]}, "properties": {"name": "Apollo Specialty Hospitals Private Limited", "emergency": "no", "type": "hospital"}}, {"type": "Feature", "geometry": {"type": "Point", "coordinates": [80.216236, 13.088315]}, "properties": {"name": "Darshan Eye Clinic", "emergency": "no", "type": "clinic"}}, {"type": "Feature", "geometry": {"type": "Point", "coordinates": [80.242348, 13.087761]}, "properties": {"name": "Amalya Eye Hospital", "emergency": "no", "type": "hospital"}}, {"type": "Feature", "geometry": {"type": "Point", "coordinates": [80.25799, 13.068534]}, "properties": {"name": "Dr. A. Ramachandran's Diabetes Hospital", "emergency": "no", "type": "hospital"}}, {"type": "Feature", "geometry": {"type": "Point", "coordinates": [80.182281, 13.035348]}, "properties": {"name": "Srushti Hospital, Ramapuram", "emergency": "no", "type": "hospital"}}, {"type": "Feature", "geometry": {"type": "Point", "coordinates": [80.218243, 13.084395]}, "properties": {"name": "Veecare Eye Hospital", "emergency": "no", "type": "hospital"}}, {"type": "Feature", "geometry": {"type": "Point", "coordinates": [80.288398, 13.116971]}, "properties": {"name": "Sanjeevini Nursing Home", "emergency": "no", "type": "clinic"}}, {"type": "Feature", "geometry": {"type": "Point", "coordinates": [80.211402, 12.976391]}, "properties": {"name": "Velachery K S Hospital", "emergency": "no", "type": "hospital"}}, {"type": "Feature", "geometry": {"type": "Point", "coordinates": [80.287696, 13.116827]}, "properties": {"name": "Vasantha Nursing Home", "emergency": "no", "type": "clinic"}}, {"type": "Feature", "geometry": {"type": "Point", "coordinates": [80.25267, 13.079002]}, "properties": {"name": "K.J. Hospital", "emergency": "no", "type": "hospital"}}, {"type": "Feature", "geometry": {"type": "Point", "coordinates": [80.23362, 13.044037]}, "properties": {"name": "Sathya Physiotherapy Centre", "emergency": "no", "type": "hospital"}}, {"type": "Feature", "geometry": {"type": "Point", "coordinates": [80.222763, 13.025794]}, "properties": {"name": "Sri Balaji Ent And Maternity Clinic", "emergency": "no", "type": "clinic"}}, {"type": "Feature", "geometry": {"type": "Point", "coordinates": [80.246937, 13.078838]}, "properties": {"name": "Kensington Hospital", "emergency": "no", "type": "hospital"}}, {"type": "Feature", "geometry": {"type": "Point", "coordinates": [80.206147, 12.992512]}, "properties": {"name": "Ponmalligai Hospital Pvt Ltd", "emergency": "no", "type": "hospital"}}, {"type": "Feature", "geometry": {"type": "Point", "coordinates": [80.229089, 13.038952]}, "properties": {"name": "Pdr Othopaedic Hospital", "emergency": "no", "type": "hospital"}}, {"type": "Feature", "geometry": {"type": "Point", "coordinates": [80.141872, 13.125273]}, "properties": {"name": "Durga Nursing Home, Tiruvallur", "emergency": "no", "type": "clinic"}}, {"type": "Feature", "geometry": {"type": "Point", "coordinates": [80.270681, 13.042779]}, "properties": {"name": "E V Kalyani Medical Centre", "emergency": "no", "type": "hospital"}}, {"type": "Feature", "geometry": {"type": "Point", "coordinates": [80.228352, 13.026615]}, "properties": {"name": "Vijay's Nursing Home", "emergency": "no", "type": "clinic"}}, {"type": "Feature", "geometry": {"type": "Point", "coordinates": [80.301336, 13.158401]}, "properties": {"name": "Vinayak Clinic", "emergency": "no", "type": "clinic"}}, {"type": "Feature", "geometry": {"type": "Point", "coordinates": [80.263159, 13.026988]}, "properties": {"name": "Yogi Vedha Kumari Hospital", "emergency": "no", "type": "hospital"}}, {"type": "Feature", "geometry": {"type": "Point", "coordinates": [80.218178, 12.983389]}, "properties": {"name": "Xcellent Care Superspeciality Hospital", "emergency": "no", "type": "hospital"}}, {"type": "Feature", "geometry": {"type": "Point", "coordinates": [80.232907, 13.047847]}, "properties": {"name": "Women and Children Foundation", "emergency": "no", "type": "hospital"}}, {"type": "Feature", "geometry": {"type": "Point", "coordinates": [80.138761, 12.974099]}, "properties": {"name": "\u0b9a\u0bc1\u0baa\u0bbf\u0b95\u0bcd\u0bb7\u0bbe \u0bae\u0bb0\u0bc1\u0ba4\u0bcd\u0ba4\u0bc1\u0bb5\u0bae\u0ba9\u0bc8", "emergency": "no", "type": "hospital"}}, {"type": "Feature", "geometry": {"type": "Point", "coordinates": [80.193144, 13.039058]}, "properties": {"name": "Sucha Eye Cure", "emergency": "no", "type": "clinic"}}, {"type": "Feature", "geometry": {"type": "Point", "coordinates": [80.254149, 13.07915]}, "properties": {"name": "Sudha Hospital, Chennai", "emergency": "no", "type": "hospital"}}, {"type": "Feature", "geometry": {"type": "Point", "coordinates": [80.252281, 13.081694]}, "properties": {"name": "V.K. Hospital", "emergency": "no", "type": "hospital"}}, {"type": "Feature", "geometry": {"type": "Point", "coordinates": [80.225263, 13.083886]}, "properties": {"name": "U.K. Hospitals Pvt. Ltd.", "emergency": "no", "type": "hospital"}}, {"type": "Feature", "geometry": {"type": "Point", "coordinates": [80.24154, 13.089219]}, "properties": {"name": "Trust Hospital, Chennai", "emergency": "no", "type": "hospital"}}, {"type": "Feature", "geometry": {"type": "Point", "coordinates": [80.207629, 13.082343]}, "properties": {"name": "Titan Eye", "emergency": "no", "type": "hospital"}}, {"type": "Feature", "geometry": {"type": "Point", "coordinates": [80.237165, 13.033278]}, "properties": {"name": "Sai Ortho Care Hospital", "emergency": "no", "type": "hospital"}}, {"type": "Feature", "geometry": {"type": "Point", "coordinates": [80.20352, 13.048189]}, "properties": {"name": "Sooriya Hospital", "emergency": "no", "type": "hospital"}}, {"type": "Feature", "geometry": {"type": "Point", "coordinates": [80.241575, 13.097668]}, "properties": {"name": "Amruth Siddha and Ayurvedic Clinic", "emergency": "no", "type": "clinic"}}, {"type": "Feature", "geometry": {"type": "Point", "coordinates": [80.221768, 13.060782]}, "properties": {"name": "Siva Sakthi Nursing Home", "emergency": "no", "type": "clinic"}}, {"type": "Feature", "geometry": {"type": "Point", "coordinates": [80.241058, 13.04965]}, "properties": {"name": "Centre For Blood Disorders", "emergency": "no", "type": "hospital"}}, {"type": "Feature", "geometry": {"type": "Point", "coordinates": [80.217051, 13.037934]}, "properties": {"name": "Csm Nursing Home", "emergency": "no", "type": "clinic"}}, {"type": "Feature", "geometry": {"type": "Point", "coordinates": [80.28033, 13.116671]}, "properties": {"name": "Roselin Gandhi Hospital", "emergency": "no", "type": "hospital"}}, {"type": "Feature", "geometry": {"type": "Point", "coordinates": [80.236031, 13.083816]}, "properties": {"name": "Sree Sai Krishna Poly Clinic Hospital", "emergency": "no", "type": "clinic"}}, {"type": "Feature", "geometry": {"type": "Point", "coordinates": [80.206972, 13.047583]}, "properties": {"name": "Paterson Cancer Center / Vijaya Health Centre Premises", "emergency": "no", "type": "hospital"}}, {"type": "Feature", "geometry": {"type": "Point", "coordinates": [80.257678, 13.034668]}, "properties": {"name": "Aarthi Scans", "emergency": "no", "type": "clinic"}}, {"type": "Feature", "geometry": {"type": "Point", "coordinates": [80.248134, 13.055886]}, "properties": {"name": "Fertility Research Centre", "emergency": "no", "type": "hospital"}}, {"type": "Feature", "geometry": {"type": "Point", "coordinates": [80.218735, 13.047269]}, "properties": {"name": "Spot Hospital", "emergency": "no", "type": "hospital"}}, {"type": "Feature", "geometry": {"type": "Point", "coordinates": [80.204346, 13.11842]}, "properties": {"name": "B B Hospital", "emergency": "no", "type": "hospital"}}, {"type": "Feature", "geometry": {"type": "Point", "coordinates": [80.232185, 13.031215]}, "properties": {"name": "Sri Visa Clinic", "emergency": "no", "type": "clinic"}}, {"type": "Feature", "geometry": {"type": "Point", "coordinates": [80.220502, 12.975865]}, "properties": {"name": "Appasamy Krishna Hospital and Medical Research Centre", "emergency": "no", "type": "hospital"}}, {"type": "Feature", "geometry": {"type": "Point", "coordinates": [80.24322, 13.060672]}, "properties": {"name": "Medindia Hospitals, Chennai", "emergency": "no", "type": "hospital"}}, {"type": "Feature", "geometry": {"type": "Point", "coordinates": [80.304324, 13.169482]}, "properties": {"name": "Aakash Hospital, Tiruvallur", "emergency": "no", "type": "hospital"}}, {"type": "Feature", "geometry": {"type": "Point", "coordinates": [80.239825, 13.145007]}, "properties": {"name": "K.M. Multi Speciality Hospital", "emergency": "no", "type": "hospital"}}, {"type": "Feature", "geometry": {"type": "Point", "coordinates": [80.293498, 13.122888]}, "properties": {"name": "Rudhra-Chella Clinicare`N`Cure Services", "emergency": "no", "type": "hospital"}}, {"type": "Feature", "geometry": {"type": "Point", "coordinates": [80.245289, 13.078195]}, "properties": {"name": "K.K.R. ENT Hospital and Research Institute(P) Ltd", "emergency": "no", "type": "hospital"}}, {"type": "Feature", "geometry": {"type": "Point", "coordinates": [80.216431, 13.035209]}, "properties": {"name": "Sri Hari Clinic", "emergency": "no", "type": "clinic"}}, {"type": "Feature", "geometry": {"type": "Point", "coordinates": [80.183694, 13.034589]}, "properties": {"name": "Roy's Heart Foundation", "emergency": "no", "type": "hospital"}}, {"type": "Feature", "geometry": {"type": "Point", "coordinates": [80.229938, 13.050338]}, "properties": {"name": "Srinivasa Hospital P P N, Chennai", "emergency": "no", "type": "hospital"}}, {"type": "Feature", "geometry": {"type": "Point", "coordinates": [80.250768, 13.039407]}, "properties": {"name": "Gastro Cre Hospital", "emergency": "no", "type": "hospital"}}, {"type": "Feature", "geometry": {"type": "Point", "coordinates": [80.235432, 13.076838]}, "properties": {"name": "Dr. A.G. Arumugam Nursing Home", "emergency": "no", "type": "clinic"}}, {"type": "Feature", "geometry": {"type": "Point", "coordinates": [80.186524, 13.046368]}, "properties": {"name": "Aaditya Kamaraja Eye Hospital", "emergency": "no", "type": "hospital"}}, {"type": "Feature", "geometry": {"type": "Point", "coordinates": [80.146377, 12.951393]}, "properties": {"name": "Surya Physiotherapy Clinic", "emergency": "no", "type": "clinic"}}, {"type": "Feature", "geometry": {"type": "Point", "coordinates": [80.259606, 13.087214]}, "properties": {"name": "Dr Ravishankars Eye Clinic and Nursing Home", "emergency": "no", "type": "clinic"}}, {"type": "Feature", "geometry": {"type": "Point", "coordinates": [80.26459, 13.048909]}, "properties": {"name": "Seethapathy Nursing Home", "emergency": "no", "type": "clinic"}}, {"type": "Feature", "geometry": {"type": "Point", "coordinates": [80.146928, 12.946072]}, "properties": {"name": "S.G.S. Nursing Home", "emergency": "no", "type": "clinic"}}, {"type": "Feature", "geometry": {"type": "Point", "coordinates": [80.254161, 12.95319]}, "properties": {"name": "Sahishnatha Indtitute Of Maternal And Child Health", "emergency": "no", "type": "hospital"}}, {"type": "Feature", "geometry": {"type": "Point", "coordinates": [80.253331, 12.991685]}, "properties": {"name": "Adyar Dispensary", "emergency": "no", "type": "clinic"}}, {"type": "Feature", "geometry": {"type": "Point", "coordinates": [80.274169, 13.06198]}, "properties": {"name": "Siva E N T Hospital", "emergency": "no", "type": "hospital"}}, {"type": "Feature", "geometry": {"type": "Point", "coordinates": [80.265095, 13.047611]}, "properties": {"name": "Vinayagam Laser Hospital, Chennai", "emergency": "no", "type": "hospital"}}, {"type": "Feature", "geometry": {"type": "Point", "coordinates": [80.273645, 13.052488]}, "properties": {"name": "Dr Agarwals Eye Hospital, Triplicane", "emergency": "no", "type": "hospital"}}, {"type": "Feature", "geometry": {"type": "Point", "coordinates": [80.259169, 13.043209]}, "properties": {"name": "Dr.Agarwal's Eye Hospital Ltd., Gopala Puram", "emergency": "no", "type": "hospital"}}, {"type": "Feature", "geometry": {"type": "Point", "coordinates": [80.243604, 13.121642]}, "properties": {"name": "Dr. M. Mohamed Meeran Clinic", "emergency": "no", "type": "clinic"}}, {"type": "Feature", "geometry": {"type": "Point", "coordinates": [80.245639, 13.078244]}, "properties": {"name": "Ramarau Polyclinic", "emergency": "no", "type": "clinic"}}, {"type": "Feature", "geometry": {"type": "Point", "coordinates": [80.20132, 13.038011]}, "properties": {"name": "Bharani Hospital", "emergency": "no", "type": "hospital"}}, {"type": "Feature", "geometry": {"type": "Point", "coordinates": [80.294082, 13.173811]}, "properties": {"name": "Vasantha Hospital", "emergency": "no", "type": "hospital"}}, {"type": "Feature", "geometry": {"type": "Point", "coordinates": [80.207911, 13.0368]}, "properties": {"name": "K.K. Nagar Dispensary and Polyclinic", "emergency": "no", "type": "clinic"}}, {"type": "Feature", "geometry": {"type": "Point", "coordinates": [80.124861, 12.981332]}, "properties": {"name": "Dr Sugumar Nursing Home", "emergency": "no", "type": "clinic"}}, {"type": "Feature", "geometry": {"type": "Point", "coordinates": [80.214755, 13.074871]}, "properties": {"name": "Tamil Nadu Urological Research Centre Best Kidney Stone Clinic", "emergency": "no", "type": "hospital"}}, {"type": "Feature", "geometry": {"type": "Point", "coordinates": [80.263627, 13.029053]}, "properties": {"name": "Sri Ranga Hospitals", "emergency": "no", "type": "hospital"}}, {"type": "Feature", "geometry": {"type": "Point", "coordinates": [80.244625, 13.029728]}, "properties": {"name": "Chamiers Day Care Center", "emergency": "no", "type": "hospital"}}, {"type": "Feature", "geometry": {"type": "Point", "coordinates": [80.242149, 12.960972]}, "properties": {"name": "London Harley Street Women And Fertility Centre", "emergency": "no", "type": "hospital"}}, {"type": "Feature", "geometry": {"type": "Point", "coordinates": [80.25373, 13.003289]}, "properties": {"name": "Doctor kannan", "emergency": "no", "type": "doctors"}}, {"type": "Feature", "geometry": {"type": "Point", "coordinates": [80.254098, 13.003026]}, "properties": {"name": "Gas Hospital", "emergency": "no", "type": "hospital"}}, {"type": "Feature", "geometry": {"type": "Point", "coordinates": [80.251854, 13.001776]}, "properties": {"name": "Adyar Ortho Clinic", "emergency": "no", "type": "clinic"}}, {"type": "Feature", "geometry": {"type": "Point", "coordinates": [80.249824, 13.001278]}, "properties": {"name": "Siloam Hospital", "emergency": "no", "type": "clinic"}}, {"type": "Feature", "geometry": {"type": "Point", "coordinates": [80.249778, 13.001549]}, "properties": {"name": "Dr VK Jayalakshmi - Vishnu Fertility Centre", "emergency": "no", "type": "clinic"}}, {"type": "Feature", "geometry": {"type": "Point", "coordinates": [80.24238, 13.046506]}, "properties": {"name": "Dr.Bala Subramanian", "emergency": "no", "type": "hospital"}}, {"type": "Feature", "geometry": {"type": "Point", "coordinates": [80.251778, 13.130851]}, "properties": {"name": "Shri Pooja Maternity Clinic", "emergency": "no", "type": "clinic"}}, {"type": "Feature", "geometry": {"type": "Point", "coordinates": [80.250604, 13.129713]}, "properties": {"name": "Swasthik Health Care center", "emergency": "no", "type": "hospital"}}, {"type": "Feature", "geometry": {"type": "Point", "coordinates": [80.243196, 13.13468]}, "properties": {"name": "NRV Hospital", "emergency": "no", "type": "hospital"}}, {"type": "Feature", "geometry": {"type": "Point", "coordinates": [80.304286, 13.168596]}, "properties": {"name": "Sugam Hospital", "emergency": "no", "type": "hospital"}}, {"type": "Feature", "geometry": {"type": "Point", "coordinates": [80.243753, 13.07832]}, "properties": {"name": "Govt Kilpauk Medical College Hospital", "emergency": "no", "type": "hospital"}}, {"type": "Feature", "geometry": {"type": "Point", "coordinates": [80.201227, 13.058337]}, "properties": {"name": "Sakthi Nursing Home", "emergency": "no", "type": "clinic"}}, {"type": "Feature", "geometry": {"type": "Point", "coordinates": [80.285818, 13.12038]}, "properties": {"name": "Rasi Hospital", "emergency": "no", "type": "hospital"}}, {"type": "Feature", "geometry": {"type": "Point", "coordinates": [80.230199, 13.099174]}, "properties": {"name": "Government Maternity And Child Hospital", "emergency": "no", "type": "hospital"}}, {"type": "Feature", "geometry": {"type": "Point", "coordinates": [80.246117, 13.043394]}, "properties": {"name": "Cloudnine Hospital - Chennai", "emergency": "no", "type": "hospital"}}, {"type": "Feature", "geometry": {"type": "Point", "coordinates": [80.274513, 13.061988]}, "properties": {"name": "Shifa Hospital And Reasearch Centre", "emergency": "no", "type": "hospital"}}, {"type": "Feature", "geometry": {"type": "Point", "coordinates": [80.221766, 13.060544]}, "properties": {"name": "Siva Sakthi Nursing Home", "emergency": "no", "type": "clinic"}}, {"type": "Feature", "geometry": {"type": "Point", "coordinates": [80.286804, 13.10618]}, "properties": {"name": "Govt. Stanley Hospital", "emergency": "no", "type": "hospital"}}, {"type": "Feature", "geometry": {"type": "Point", "coordinates": [80.1895, 13.046978]}, "properties": {"name": "Subam Specialities Hospitals", "emergency": "no", "type": "hospital"}}, {"type": "Feature", "geometry": {"type": "Point", "coordinates": [80.223972, 13.12222]}, "properties": {"name": "Kts Nursing Home", "emergency": "no", "type": "clinic"}}, {"type": "Feature", "geometry": {"type": "Point", "coordinates": [80.179911, 13.069263]}, "properties": {"name": "Srisaihospital With Matrinity Facility", "emergency": "no", "type": "hospital"}}, {"type": "Feature", "geometry": {"type": "Point", "coordinates": [80.223385, 13.115305]}, "properties": {"name": "Govt Peripheral Hospital Periyar Nagar", "emergency": "no", "type": "hospital"}}, {"type": "Feature", "geometry": {"type": "Point", "coordinates": [80.24531, 13.043113]}, "properties": {"name": "Be Well Hospital", "emergency": "no", "type": "hospital"}}, {"type": "Feature", "geometry": {"type": "Point", "coordinates": [80.192246, 13.050864]}, "properties": {"name": "Hera Hospital", "emergency": "no", "type": "hospital"}}, {"type": "Feature", "geometry": {"type": "Point", "coordinates": [80.194729, 13.05943]}, "properties": {"name": "SBS Hospital Nursing Home", "emergency": "no", "type": "clinic"}}, {"type": "Feature", "geometry": {"type": "Point", "coordinates": [80.295798, 13.112901]}, "properties": {"name": "Government Unani Hospital", "emergency": "no", "type": "hospital"}}, {"type": "Feature", "geometry": {"type": "Point", "coordinates": [80.24285, 13.058665]}, "properties": {"name": "Meenakshi Hospital & Childrens Hospital", "emergency": "no", "type": "hospital"}}, {"type": "Feature", "geometry": {"type": "Point", "coordinates": [80.273916, 13.05774]}, "properties": {"name": "Subam Clinic", "emergency": "no", "type": "clinic"}}, {"type": "Feature", "geometry": {"type": "Point", "coordinates": [80.175293, 13.09041]}, "properties": {"name": "Tanker Dialysis Foundation Unit", "emergency": "no", "type": "hospital"}}, {"type": "Feature", "geometry": {"type": "Point", "coordinates": [80.275793, 13.06162]}, "properties": {"name": "Hiba Hospital", "emergency": "no", "type": "hospital"}}, {"type": "Feature", "geometry": {"type": "Point", "coordinates": [80.273513, 13.050882]}, "properties": {"name": "A.R.A Hospital For Women", "emergency": "no", "type": "hospital"}}, {"type": "Feature", "geometry": {"type": "Point", "coordinates": [80.195442, 13.059402]}, "properties": {"name": "Priyas Medical Centre", "emergency": "no", "type": "hospital"}}, {"type": "Feature", "geometry": {"type": "Point", "coordinates": [80.247551, 13.044837]}, "properties": {"name": "Dr. Rai Memorial Medical Centre", "emergency": "no", "type": "hospital"}}, {"type": "Feature", "geometry": {"type": "Point", "coordinates": [80.227538, 13.053597]}, "properties": {"name": "Medway Hospitals", "emergency": "no", "type": "hospital"}}, {"type": "Feature", "geometry": {"type": "Point", "coordinates": [80.282542, 13.099378]}, "properties": {"name": "Seven Wells Hospital", "emergency": "no", "type": "hospital"}}, {"type": "Feature", "geometry": {"type": "Point", "coordinates": [80.267208, 13.068807]}, "properties": {"name": "Government Hospital", "emergency": "no", "type": "hospital"}}, {"type": "Feature", "geometry": {"type": "Point", "coordinates": [80.285764, 13.119235]}, "properties": {"name": "Ranga Nursing Home", "emergency": "no", "type": "clinic"}}, {"type": "Feature", "geometry": {"type": "Point", "coordinates": [80.189847, 13.052468]}, "properties": {"name": "Standard Hospital", "emergency": "no", "type": "hospital"}}, {"type": "Feature", "geometry": {"type": "Point", "coordinates": [80.284452, 13.114293]}, "properties": {"name": "Chennai Corporation Hospital", "emergency": "no", "type": "hospital"}}, {"type": "Feature", "geometry": {"type": "Point", "coordinates": [80.196453, 13.041009]}, "properties": {"name": "Guru Raghavendra Hospital", "emergency": "no", "type": "hospital"}}, {"type": "Feature", "geometry": {"type": "Point", "coordinates": [80.274505, 13.062148]}, "properties": {"name": "RIDA Physiotherapy Clinic", "emergency": "no", "type": "clinic"}}, {"type": "Feature", "geometry": {"type": "Point", "coordinates": [80.264545, 13.048703]}, "properties": {"name": "Seethapathy clinic & Hospital", "emergency": "no", "type": "hospital"}}, {"type": "Feature", "geometry": {"type": "Point", "coordinates": [80.24898, 13.126753]}, "properties": {"name": "Kvt Health Speciality Hospital", "emergency": "no", "type": "hospital"}}, {"type": "Feature", "geometry": {"type": "Point", "coordinates": [80.275736, 13.057271]}, "properties": {"name": "Sakthi Hospital &Reasearch Centre Helath Care Organization", "emergency": "no", "type": "hospital"}}, {"type": "Feature", "geometry": {"type": "Point", "coordinates": [80.232996, 13.048082]}, "properties": {"name": "Women And Children Foundation Hospitals T-Nagar", "emergency": "no", "type": "hospital"}}, {"type": "Feature", "geometry": {"type": "Point", "coordinates": [80.124419, 13.05562]}, "properties": {"name": "Dr.Rai Cbcc Centre", "emergency": "no", "type": "hospital"}}, {"type": "Feature", "geometry": {"type": "Point", "coordinates": [80.192712, 13.053886]}, "properties": {"name": "Annai multispeciality hospital", "emergency": "no", "type": "hospital"}}, {"type": "Feature", "geometry": {"type": "Point", "coordinates": [80.213994, 13.091646]}, "properties": {"name": "Firm Hospital", "emergency": "no", "type": "hospital"}}, {"type": "Feature", "geometry": {"type": "Point", "coordinates": [80.219549, 13.053509]}, "properties": {"name": "The Best Hospital Private Ltd", "emergency": "no", "type": "hospital"}}, {"type": "Feature", "geometry": {"type": "Point", "coordinates": [80.256712, 13.0887]}, "properties": {"name": "Chennai Corporation Hospital", "emergency": "no", "type": "hospital"}}, {"type": "Feature", "geometry": {"type": "Point", "coordinates": [80.274798, 13.060986]}, "properties": {"name": "Triplicane Government Hospital", "emergency": "no", "type": "hospital"}}, {"type": "Feature", "geometry": {"type": "Point", "coordinates": [80.279613, 13.106954]}, "properties": {"name": "Hemakamal Nursing Home", "emergency": "no", "type": "clinic"}}, {"type": "Feature", "geometry": {"type": "Point", "coordinates": [80.192822, 13.059056]}, "properties": {"name": "Government Hospital For Ladies And Children", "emergency": "no", "type": "hospital"}}, {"type": "Feature", "geometry": {"type": "Point", "coordinates": [80.235049, 13.056671]}, "properties": {"name": "Dr. Premkumar's Orthopedic Clinic", "emergency": "no", "type": "clinic"}}, {"type": "Feature", "geometry": {"type": "Point", "coordinates": [80.247833, 13.056183]}, "properties": {"name": "SIMS Hospital", "emergency": "no", "type": "hospital"}}, {"type": "Feature", "geometry": {"type": "Point", "coordinates": [80.150175, 12.922292]}, "properties": {"name": "Vani Nursing Home", "emergency": "no", "type": "clinic"}}, {"type": "Feature", "geometry": {"type": "Point", "coordinates": [80.143843, 12.91149]}, "properties": {"name": "Janani Nursing Home", "emergency": "no", "type": "clinic"}}, {"type": "Feature", "geometry": {"type": "Point", "coordinates": [80.196756, 12.910778]}, "properties": {"name": "Suraj Hospital", "emergency": "no", "type": "hospital"}}, {"type": "Feature", "geometry": {"type": "Point", "coordinates": [80.224628, 13.034805]}, "properties": {"name": "Shree Chakra Maternity Clinic and Nursing Home", "emergency": "no", "type": "clinic"}}, {"type": "Feature", "geometry": {"type": "Point", "coordinates": [80.241906, 13.034084]}, "properties": {"name": "Kavitha Clinic", "emergency": "no", "type": "clinic"}}, {"type": "Feature", "geometry": {"type": "Point", "coordinates": [80.209989, 13.031913]}, "properties": {"name": "Sunrays Laproscopic Centre", "emergency": "no", "type": "hospital"}}, {"type": "Feature", "geometry": {"type": "Point", "coordinates": [80.191136, 13.029896]}, "properties": {"name": "Hirsh Nursing Home", "emergency": "no", "type": "clinic"}}, {"type": "Feature", "geometry": {"type": "Point", "coordinates": [80.192207, 12.985428]}, "properties": {"name": "Acharya Clinic", "emergency": "no", "type": "clinic"}}, {"type": "Feature", "geometry": {"type": "Point", "coordinates": [80.144454, 13.037444]}, "properties": {"name": "Sriramachandra Hospital", "emergency": "no", "type": "hospital"}}, {"type": "Feature", "geometry": {"type": "Point", "coordinates": [80.169935, 13.036953]}, "properties": {"name": "Chinna Porur Government Hospital", "emergency": "no", "type": "hospital"}}, {"type": "Feature", "geometry": {"type": "Point", "coordinates": [80.182868, 12.940864]}, "properties": {"name": "Arun Hospital", "emergency": "no", "type": "hospital"}}, {"type": "Feature", "geometry": {"type": "Point", "coordinates": [80.251199, 13.031201]}, "properties": {"name": "Motherhood Hospital", "emergency": "no", "type": "hospital"}}, {"type": "Feature", "geometry": {"type": "Point", "coordinates": [80.256212, 12.99795]}, "properties": {"name": "Government Hospital, Adyar", "emergency": "no", "type": "hospital"}}, {"type": "Feature", "geometry": {"type": "Point", "coordinates": [80.144225, 12.952192]}, "properties": {"name": "Shree Eye & Maternity Hospital", "emergency": "no", "type": "hospital"}}, {"type": "Feature", "geometry": {"type": "Point", "coordinates": [80.238939, 13.037462]}, "properties": {"name": "Gunasekaran Hospitals Pvt.Ltd", "emergency": "no", "type": "hospital"}}, {"type": "Feature", "geometry": {"type": "Point", "coordinates": [80.13456, 12.94505]}, "properties": {"name": "Government Hospital, Tambaram", "emergency": "no", "type": "hospital"}}, {"type": "Feature", "geometry": {"type": "Point", "coordinates": [80.187198, 12.95866]}, "properties": {"name": "Vijayam Hospital & Fertility Centre", "emergency": "no", "type": "hospital"}}, {"type": "Feature", "geometry": {"type": "Point", "coordinates": [80.21204, 13.03968]}, "properties": {"name": "Kumaran Specialities Hospital", "emergency": "no", "type": "hospital"}}, {"type": "Feature", "geometry": {"type": "Point", "coordinates": [80.190944, 13.037423]}, "properties": {"name": "Arokiya hospital", "emergency": "no", "type": "hospital"}}, {"type": "Feature", "geometry": {"type": "Point", "coordinates": [80.156734, 13.036525]}, "properties": {"name": "Parvathy Hospital", "emergency": "no", "type": "hospital"}}, {"type": "Feature", "geometry": {"type": "Point", "coordinates": [80.246547, 13.034922]}, "properties": {"name": "Genesis Womens Hospital", "emergency": "no", "type": "hospital"}}, {"type": "Feature", "geometry": {"type": "Point", "coordinates": [80.239819, 13.03422]}, "properties": {"name": "Radhatri Nethralaya", "emergency": "no", "type": "hospital"}}, {"type": "Feature", "geometry": {"type": "Point", "coordinates": [80.25724, 13.038362]}, "properties": {"name": "Kavery Hospital", "emergency": "no", "type": "hospital"}}, {"type": "Feature", "geometry": {"type": "Point", "coordinates": [80.226121, 13.029899]}, "properties": {"name": "Kanamapet Government Hospital", "emergency": "no", "type": "hospital"}}, {"type": "Feature", "geometry": {"type": "Point", "coordinates": [80.137694, 12.948823]}, "properties": {"name": "Agash Nursing Home", "emergency": "no", "type": "clinic"}}, {"type": "Feature", "geometry": {"type": "Point", "coordinates": [80.202543, 13.004816]}, "properties": {"name": "Government Hospital Alandur", "emergency": "no", "type": "hospital"}}, {"type": "Feature", "geometry": {"type": "Point", "coordinates": [80.190926, 13.031323]}, "properties": {"name": "Janani Hospital", "emergency": "no", "type": "hospital"}}, {"type": "Feature", "geometry": {"type": "Point", "coordinates": [80.180756, 12.934223]}, "properties": {"name": "T.K.R. Hospital", "emergency": "no", "type": "hospital"}}, {"type": "Feature", "geometry": {"type": "Point", "coordinates": [80.204077, 12.977117]}, "properties": {"name": "Ram Skin Clinic", "emergency": "no", "type": "clinic"}}, {"type": "Feature", "geometry": {"type": "Point", "coordinates": [80.242291, 13.0586]}, "properties": {"name": "Padma Chandrasekharan Clinic", "emergency": "no", "type": "doctors"}}, {"type": "Feature", "geometry": {"type": "Point", "coordinates": [80.21879, 13.075361]}, "properties": {"name": "Medical Center / Clinic", "emergency": "no", "type": "hospital"}}, {"type": "Feature", "geometry": {"type": "Point", "coordinates": [80.195852, 12.964589]}, "properties": {"name": "Malar Clinic", "emergency": "no", "type": "hospital"}}, {"type": "Feature", "geometry": {"type": "Point", "coordinates": [80.253393, 13.153453]}, "properties": {"name": "Memisa Skin Clinic", "emergency": "no", "type": "clinic"}}, {"type": "Feature", "geometry": {"type": "Point", "coordinates": [80.246488, 13.167576]}, "properties": {"name": "Sri Jayakala Clinic", "emergency": "no", "type": "clinic"}}, {"type": "Feature", "geometry": {"type": "Point", "coordinates": [80.301391, 13.156154]}, "properties": {"name": "Prasad Multispeciality Hospital", "emergency": "no", "type": "hospital"}}, {"type": "Feature", "geometry": {"type": "Point", "coordinates": [80.205888, 13.13454]}, "properties": {"name": "Uma Hospital", "emergency": "no", "type": "hospital"}}, {"type": "Feature", "geometry": {"type": "Point", "coordinates": [80.212171, 13.131644]}, "properties": {"name": "Maaya Nursing Home", "emergency": "no", "type": "clinic"}}, {"type": "Feature", "geometry": {"type": "Point", "coordinates": [80.300759, 13.152302]}, "properties": {"name": "M.A. Nursing Home", "emergency": "no", "type": "clinic"}}, {"type": "Feature", "geometry": {"type": "Point", "coordinates": [80.300964, 13.152121]}, "properties": {"name": "Gowtham Clinic", "emergency": "no", "type": "clinic"}}, {"type": "Feature", "geometry": {"type": "Point", "coordinates": [80.209831, 13.165174]}, "properties": {"name": "Acharya Tulsi Clinic", "emergency": "no", "type": "clinic"}}, {"type": "Feature", "geometry": {"type": "Point", "coordinates": [80.29842, 13.15033]}, "properties": {"name": "Suman Hospital", "emergency": "no", "type": "hospital"}}, {"type": "Feature", "geometry": {"type": "Point", "coordinates": [80.200226, 13.172422]}, "properties": {"name": "Mahalakshmi Clinic", "emergency": "no", "type": "clinic"}}, {"type": "Feature", "geometry": {"type": "Point", "coordinates": [80.301291, 13.151757]}, "properties": {"name": "Dr. Anupama Roshan Skin Specialist", "emergency": "no", "type": "clinic"}}, {"type": "Feature", "geometry": {"type": "Point", "coordinates": [80.199551, 13.170706]}, "properties": {"name": "Sri Kannan Clinic", "emergency": "no", "type": "clinic"}}, {"type": "Feature", "geometry": {"type": "Point", "coordinates": [80.207333, 13.132763]}, "properties": {"name": "Dr. Ezhilarasi Clinic", "emergency": "no", "type": "clinic"}}, {"type": "Feature", "geometry": {"type": "Point", "coordinates": [80.301283, 13.152065]}, "properties": {"name": "Dr. Merwin Clinic", "emergency": "no", "type": "clinic"}}, {"type": "Feature", "geometry": {"type": "Point", "coordinates": [80.297817, 13.146342]}, "properties": {"name": "Ropheka Polyclinic", "emergency": "no", "type": "clinic"}}, {"type": "Feature", "geometry": {"type": "Point", "coordinates": [80.25944, 13.162595]}, "properties": {"name": "Kvm Physiotherapy Clinic", "emergency": "no", "type": "clinic"}}, {"type": "Feature", "geometry": {"type": "Point", "coordinates": [80.247696, 13.167516]}, "properties": {"name": "Srs Healthcare Clinic", "emergency": "no", "type": "clinic"}}, {"type": "Feature", "geometry": {"type": "Point", "coordinates": [80.25871, 13.165259]}, "properties": {"name": "Sankara Eye Hospital", "emergency": "no", "type": "hospital"}}, {"type": "Feature", "geometry": {"type": "Point", "coordinates": [80.300648, 13.153762]}, "properties": {"name": "G S Hospital", "emergency": "no", "type": "hospital"}}, {"type": "Feature", "geometry": {"type": "Point", "coordinates": [80.193567, 13.170278]}, "properties": {"name": "Md Hussain Hospital", "emergency": "no", "type": "hospital"}}, {"type": "Feature", "geometry": {"type": "Point", "coordinates": [80.204359, 13.15851]}, "properties": {"name": "Dr. J Anbalagan", "emergency": "no", "type": "doctors"}}, {"type": "Feature", "geometry": {"type": "Point", "coordinates": [80.300215, 13.152173]}, "properties": {"name": "Esha Hospital", "emergency": "no", "type": "hospital"}}, {"type": "Feature", "geometry": {"type": "Point", "coordinates": [80.298281, 13.148628]}, "properties": {"name": "Annai Hospital", "emergency": "no", "type": "hospital"}}, {"type": "Feature", "geometry": {"type": "Point", "coordinates": [80.300952, 13.156041]}, "properties": {"name": "Prasad ENT", "emergency": "no", "type": "clinic"}}, {"type": "Feature", "geometry": {"type": "Point", "coordinates": [80.209257, 13.135805]}, "properties": {"name": "Dr. Saravana's Ortho Clinic", "emergency": "no", "type": "clinic"}}, {"type": "Feature", "geometry": {"type": "Point", "coordinates": [80.205369, 13.162134]}, "properties": {"name": "Sri Malar Clinic", "emergency": "no", "type": "clinic"}}, {"type": "Feature", "geometry": {"type": "Point", "coordinates": [80.200063, 13.171158]}, "properties": {"name": "GK Shree Health Clinic", "emergency": "no", "type": "clinic"}}, {"type": "Feature", "geometry": {"type": "Point", "coordinates": [80.299881, 13.152333]}, "properties": {"name": "Sekar Hospital", "emergency": "no", "type": "hospital"}}, {"type": "Feature", "geometry": {"type": "Point", "coordinates": [80.204431, 13.161861]}, "properties": {"name": "St. Anthony's Hospital", "emergency": "no", "type": "hospital"}}, {"type": "Feature", "geometry": {"type": "Point", "coordinates": [80.258442, 13.160283]}, "properties": {"name": "Sri Vishnu Clinic", "emergency": "no", "type": "clinic"}}, {"type": "Feature", "geometry": {"type": "Point", "coordinates": [80.123814, 13.034195]}, "properties": {"name": "Dhanvantari Multispeciality Clinic", "emergency": "no", "type": "clinic"}}, {"type": "Feature", "geometry": {"type": "Point", "coordinates": [80.184358, 13.047185]}, "properties": {"name": "Kannimaram Hospital", "emergency": "no", "type": "hospital"}}, {"type": "Feature", "geometry": {"type": "Point", "coordinates": [80.181453, 13.047193]}, "properties": {"name": "Yagnyaa Diabetes Clinic", "emergency": "no", "type": "clinic"}}, {"type": "Feature", "geometry": {"type": "Point", "coordinates": [80.180345, 13.040182]}, "properties": {"name": "Vasanthi Dental Hospital", "emergency": "no", "type": "hospital"}}, {"type": "Feature", "geometry": {"type": "Point", "coordinates": [80.185806, 13.045685]}, "properties": {"name": "Maf Clinic", "emergency": "no", "type": "clinic"}}, {"type": "Feature", "geometry": {"type": "Point", "coordinates": [80.18442, 13.044784]}, "properties": {"name": "Sri Venkatesvara Physio and Obesity Centre", "emergency": "no", "type": "clinic"}}, {"type": "Feature", "geometry": {"type": "Point", "coordinates": [80.180421, 13.038738]}, "properties": {"name": "Dr. Ramana Kumar", "emergency": "no", "type": "doctors"}}, {"type": "Feature", "geometry": {"type": "Point", "coordinates": [80.182003, 13.045618]}, "properties": {"name": "Latha Ravichandran Clinic", "emergency": "no", "type": "clinic"}}, {"type": "Feature", "geometry": {"type": "Point", "coordinates": [80.124954, 13.053291]}, "properties": {"name": "Aravind Eye Hospital", "emergency": "yes", "type": "hospital"}}, {"type": "Feature", "geometry": {"type": "Point", "coordinates": [80.185283, 13.047776]}, "properties": {"name": "Dr. N Suresh Kumar", "emergency": "no", "type": "doctors"}}, {"type": "Feature", "geometry": {"type": "Point", "coordinates": [80.184247, 13.044253]}, "properties": {"name": "Jeevan Women Care Clinic", "emergency": "no", "type": "clinic"}}, {"type": "Feature", "geometry": {"type": "Point", "coordinates": [80.181333, 13.041795]}, "properties": {"name": "Dr. Bevin Sathya", "emergency": "no", "type": "doctors"}}, {"type": "Feature", "geometry": {"type": "Point", "coordinates": [80.180718, 13.038206]}, "properties": {"name": "Udhaya Sai Clinic", "emergency": "no", "type": "clinic"}}, {"type": "Feature", "geometry": {"type": "Point", "coordinates": [80.18156, 13.047262]}, "properties": {"name": "Meenakshi Mission Hospital", "emergency": "no", "type": "hospital"}}, {"type": "Feature", "geometry": {"type": "Point", "coordinates": [80.184113, 13.047041]}, "properties": {"name": "Shanthi Hospital", "emergency": "no", "type": "hospital"}}, {"type": "Feature", "geometry": {"type": "Point", "coordinates": [80.139316, 12.937008]}, "properties": {"name": "Sri Brinda Clinic", "emergency": "no", "type": "clinic"}}, {"type": "Feature", "geometry": {"type": "Point", "coordinates": [80.13524, 12.93059]}, "properties": {"name": "Shaz Clinic", "emergency": "no", "type": "clinic"}}, {"type": "Feature", "geometry": {"type": "Point", "coordinates": [80.139021, 12.937277]}, "properties": {"name": "Dr. Sathish Kumar Institute Of Child Health and Hospital for Children", "emergency": "no", "type": "hospital"}}, {"type": "Feature", "geometry": {"type": "Point", "coordinates": [80.130428, 12.928811]}, "properties": {"name": "Dr. K.N Shahitha", "emergency": "no", "type": "doctors"}}, {"type": "Feature", "geometry": {"type": "Point", "coordinates": [80.130599, 12.928811]}, "properties": {"name": "Skin Clinic", "emergency": "no", "type": "clinic"}}, {"type": "Feature", "geometry": {"type": "Point", "coordinates": [80.129092, 12.923895]}, "properties": {"name": "Mano ENT and Skull Base Surgery Clinic", "emergency": "no", "type": "clinic"}}, {"type": "Feature", "geometry": {"type": "Point", "coordinates": [80.125735, 12.934995]}, "properties": {"name": "Peeram Hospital Private Limited", "emergency": "no", "type": "hospital"}}, {"type": "Feature", "geometry": {"type": "Point", "coordinates": [80.13241, 12.933458]}, "properties": {"name": "Dr. Rangarajan Clinic", "emergency": "no", "type": "clinic"}}, {"type": "Feature", "geometry": {"type": "Point", "coordinates": [80.124747, 12.935986]}, "properties": {"name": "Prabhu Clinic", "emergency": "no", "type": "clinic"}}, {"type": "Feature", "geometry": {"type": "Point", "coordinates": [80.130093, 12.932112]}, "properties": {"name": "Sri Satya Sai Homeo Clinic", "emergency": "no", "type": "clinic"}}, {"type": "Feature", "geometry": {"type": "Point", "coordinates": [80.123835, 12.936123]}, "properties": {"name": "Saaol Heart Centre", "emergency": "no", "type": "hospital"}}, {"type": "Feature", "geometry": {"type": "Point", "coordinates": [80.132357, 12.934103]}, "properties": {"name": "Deepak Multi Speciality Clinic", "emergency": "no", "type": "clinic"}}, {"type": "Feature", "geometry": {"type": "Point", "coordinates": [80.128158, 12.923808]}, "properties": {"name": "Shri Adithya Ayurveda Clinic", "emergency": "no", "type": "clinic"}}, {"type": "Feature", "geometry": {"type": "Point", "coordinates": [80.128984, 12.929149]}, "properties": {"name": "Priyam Clinic", "emergency": "no", "type": "clinic"}}, {"type": "Feature", "geometry": {"type": "Point", "coordinates": [80.127166, 12.925761]}, "properties": {"name": "Amrita Homeopathy Speciality Clinic", "emergency": "no", "type": "clinic"}}, {"type": "Feature", "geometry": {"type": "Point", "coordinates": [80.128174, 12.922687]}, "properties": {"name": "Dr. Ashok Tyagarajan Clinic", "emergency": "no", "type": "clinic"}}, {"type": "Feature", "geometry": {"type": "Point", "coordinates": [80.142152, 12.937389]}, "properties": {"name": "Dr. Vijay Kumar", "emergency": "no", "type": "doctors"}}, {"type": "Feature", "geometry": {"type": "Point", "coordinates": [80.129102, 12.928331]}, "properties": {"name": "Sai Clinic", "emergency": "no", "type": "clinic"}}, {"type": "Feature", "geometry": {"type": "Point", "coordinates": [80.128194, 12.922789]}, "properties": {"name": "Jawahar Hospital", "emergency": "no", "type": "hospital"}}, {"type": "Feature", "geometry": {"type": "Point", "coordinates": [80.123674, 12.934018]}, "properties": {"name": "Ramana Child Hospital", "emergency": "no", "type": "hospital"}}, {"type": "Feature", "geometry": {"type": "Point", "coordinates": [80.128039, 12.923928]}, "properties": {"name": "Arya Vaidya Shala", "emergency": "no", "type": "hospital"}}, {"type": "Feature", "geometry": {"type": "Point", "coordinates": [80.127037, 12.925321]}, "properties": {"name": "Madhu Hospital", "emergency": "no", "type": "hospital"}}, {"type": "Feature", "geometry": {"type": "Point", "coordinates": [80.129269, 12.923402]}, "properties": {"name": "Vithagan Health Care Hospital", "emergency": "no", "type": "hospital"}}, {"type": "Feature", "geometry": {"type": "Point", "coordinates": [80.14016, 12.931575]}, "properties": {"name": "Dr. Kayal Subburam Health Clinic", "emergency": "no", "type": "clinic"}}, {"type": "Feature", "geometry": {"type": "Point", "coordinates": [80.139078, 12.929753]}, "properties": {"name": "Herbal Clinic", "emergency": "no", "type": "clinic"}}, {"type": "Feature", "geometry": {"type": "Point", "coordinates": [80.140066, 12.934712]}, "properties": {"name": "A K Clinic", "emergency": "no", "type": "clinic"}}, {"type": "Feature", "geometry": {"type": "Point", "coordinates": [80.127151, 12.915544]}, "properties": {"name": "Daya Speciality Clinic", "emergency": "no", "type": "clinic"}}, {"type": "Feature", "geometry": {"type": "Point", "coordinates": [80.142459, 12.936992]}, "properties": {"name": "Dr. Pradeep Ortho Clinic", "emergency": "no", "type": "clinic"}}, {"type": "Feature", "geometry": {"type": "Point", "coordinates": [80.129759, 12.929689]}, "properties": {"name": "Clinic Get Well", "emergency": "no", "type": "clinic"}}, {"type": "Feature", "geometry": {"type": "Point", "coordinates": [80.139301, 12.930255]}, "properties": {"name": "Shivam Clinic", "emergency": "no", "type": "clinic"}}, {"type": "Feature", "geometry": {"type": "Point", "coordinates": [80.138685, 12.934364]}, "properties": {"name": "Dr. Venkatraman", "emergency": "no", "type": "doctors"}}, {"type": "Feature", "geometry": {"type": "Point", "coordinates": [80.142515, 12.935645]}, "properties": {"name": "Lakshmi Nursing Home", "emergency": "no", "type": "clinic"}}, {"type": "Feature", "geometry": {"type": "Point", "coordinates": [80.128523, 12.923857]}, "properties": {"name": "Dr. R. Thiruthali Nathan Clinic", "emergency": "no", "type": "clinic"}}, {"type": "Feature", "geometry": {"type": "Point", "coordinates": [80.128063, 12.922599]}, "properties": {"name": "M.J. Hospital", "emergency": "no", "type": "hospital"}}, {"type": "Feature", "geometry": {"type": "Point", "coordinates": [80.12704, 12.923324]}, "properties": {"name": "Sai Vijay Ayurvedic Herbal Health Care", "emergency": "no", "type": "hospital"}}, {"type": "Feature", "geometry": {"type": "Point", "coordinates": [80.131603, 12.928648]}, "properties": {"name": "Jordan Ayur Care Clinic", "emergency": "no", "type": "clinic"}}, {"type": "Feature", "geometry": {"type": "Point", "coordinates": [80.130314, 12.923089]}, "properties": {"name": "Usha Clinic", "emergency": "no", "type": "clinic"}}, {"type": "Feature", "geometry": {"type": "Point", "coordinates": [80.132394, 12.933608]}, "properties": {"name": "Jains Clinic", "emergency": "no", "type": "clinic"}}, {"type": "Feature", "geometry": {"type": "Point", "coordinates": [80.129903, 12.92269]}, "properties": {"name": "Venkateshwara Siddhartha Clinic", "emergency": "no", "type": "clinic"}}, {"type": "Feature", "geometry": {"type": "Point", "coordinates": [80.139447, 12.937072]}, "properties": {"name": "Manimegalai Hospital", "emergency": "no", "type": "hospital"}}, {"type": "Feature", "geometry": {"type": "Point", "coordinates": [80.194516, 12.914622]}, "properties": {"name": "Radha Nantha Homeo Clinic", "emergency": "no", "type": "clinic"}}, {"type": "Feature", "geometry": {"type": "Point", "coordinates": [80.179074, 12.915163]}, "properties": {"name": "Orange Physiotherapy and Pain Relief Clinic", "emergency": "no", "type": "clinic"}}, {"type": "Feature", "geometry": {"type": "Point", "coordinates": [80.178931, 12.916386]}, "properties": {"name": "Deepam Rehabilitation Centre", "emergency": "no", "type": "hospital"}}, {"type": "Feature", "geometry": {"type": "Point", "coordinates": [80.237014, 12.94286]}, "properties": {"name": "Sri Kumaran Clinic", "emergency": "no", "type": "clinic"}}, {"type": "Feature", "geometry": {"type": "Point", "coordinates": [80.216804, 12.904472]}, "properties": {"name": "HCL Health Care", "emergency": "no", "type": "hospital"}}, {"type": "Feature", "geometry": {"type": "Point", "coordinates": [80.157008, 12.908259]}, "properties": {"name": "Ganesh Hospital", "emergency": "no", "type": "hospital"}}, {"type": "Feature", "geometry": {"type": "Point", "coordinates": [80.194093, 12.916822]}, "properties": {"name": "Subasree Hospital", "emergency": "no", "type": "hospital"}}, {"type": "Feature", "geometry": {"type": "Point", "coordinates": [80.232726, 12.934755]}, "properties": {"name": "Jayadeva Fertility Centre and Women's Hospital", "emergency": "no", "type": "clinic"}}, {"type": "Feature", "geometry": {"type": "Point", "coordinates": [80.236197, 12.945869]}, "properties": {"name": "GV's Good Health Centre", "emergency": "no", "type": "clinic"}}, {"type": "Feature", "geometry": {"type": "Point", "coordinates": [80.187446, 12.917881]}, "properties": {"name": "Kanmani Children Clinic", "emergency": "no", "type": "clinic"}}, {"type": "Feature", "geometry": {"type": "Point", "coordinates": [80.156453, 12.911099]}, "properties": {"name": "Jaya ENT Clinic", "emergency": "no", "type": "clinic"}}, {"type": "Feature", "geometry": {"type": "Point", "coordinates": [80.229384, 12.912214]}, "properties": {"name": "Shri Sai Children's Hospital and Dental Clinic", "emergency": "no", "type": "hospital"}}, {"type": "Feature", "geometry": {"type": "Point", "coordinates": [80.233537, 12.933657]}, "properties": {"name": "Sara Skin Clinic", "emergency": "no", "type": "clinic"}}, {"type": "Feature", "geometry": {"type": "Point", "coordinates": [80.190214, 12.916313]}, "properties": {"name": "Anto Speciality Clinic", "emergency": "no", "type": "clinic"}}, {"type": "Feature", "geometry": {"type": "Point", "coordinates": [80.235534, 12.933893]}, "properties": {"name": "Eashwar Multispeciality Clinic", "emergency": "no", "type": "clinic"}}, {"type": "Feature", "geometry": {"type": "Point", "coordinates": [80.182351, 12.914253]}, "properties": {"name": "Homeopathic Clinic", "emergency": "no", "type": "clinic"}}, {"type": "Feature", "geometry": {"type": "Point", "coordinates": [80.19182, 12.913143]}, "properties": {"name": "Rithika Netralaya Eye Clinic", "emergency": "no", "type": "clinic"}}, {"type": "Feature", "geometry": {"type": "Point", "coordinates": [80.190331, 12.917824]}, "properties": {"name": "Sri Balaji Hospital", "emergency": "no", "type": "hospital"}}, {"type": "Feature", "geometry": {"type": "Point", "coordinates": [80.153826, 12.914527]}, "properties": {"name": "Santhosh Family Clinic", "emergency": "no", "type": "clinic"}}, {"type": "Feature", "geometry": {"type": "Point", "coordinates": [80.153048, 12.915372]}, "properties": {"name": "Lakshminarayan Clinic", "emergency": "no", "type": "clinic"}}, {"type": "Feature", "geometry": {"type": "Point", "coordinates": [80.202685, 12.906908]}, "properties": {"name": "S.V. Hospital", "emergency": "no", "type": "hospital"}}, {"type": "Feature", "geometry": {"type": "Point", "coordinates": [80.156311, 12.91143]}, "properties": {"name": "Bethel Hospital", "emergency": "no", "type": "hospital"}}, {"type": "Feature", "geometry": {"type": "Point", "coordinates": [80.232661, 12.902039]}, "properties": {"name": "Tharamai Child Care Clinic", "emergency": "no", "type": "clinic"}}, {"type": "Feature", "geometry": {"type": "Point", "coordinates": [80.171208, 12.918647]}, "properties": {"name": "Sai Babaji's Accupuncture Centre", "emergency": "no", "type": "hospital"}}, {"type": "Feature", "geometry": {"type": "Point", "coordinates": [80.232625, 12.931968]}, "properties": {"name": "SV Hospital", "emergency": "no", "type": "hospital"}}, {"type": "Feature", "geometry": {"type": "Point", "coordinates": [80.233146, 12.933757]}, "properties": {"name": "Apollo Clinic", "emergency": "no", "type": "clinic"}}, {"type": "Feature", "geometry": {"type": "Point", "coordinates": [80.153003, 12.923307]}, "properties": {"name": "Shanthi General Hospital", "emergency": "no", "type": "hospital"}}, {"type": "Feature", "geometry": {"type": "Point", "coordinates": [80.149555, 12.925583]}, "properties": {"name": "Vishwapraja Clinic", "emergency": "no", "type": "clinic"}}, {"type": "Feature", "geometry": {"type": "Point", "coordinates": [80.151639, 12.924333]}, "properties": {"name": "Lakshana Ortho Centre", "emergency": "no", "type": "clinic"}}, {"type": "Feature", "geometry": {"type": "Point", "coordinates": [80.192466, 12.912322]}, "properties": {"name": "Karthick Children's Hospital", "emergency": "no", "type": "hospital"}}, {"type": "Feature", "geometry": {"type": "Point", "coordinates": [80.194803, 12.914978]}, "properties": {"name": "Arun Hospital", "emergency": "no", "type": "hospital"}}, {"type": "Feature", "geometry": {"type": "Point", "coordinates": [80.191597, 12.913198]}, "properties": {"name": "Radial Ortho Speciality Hospital", "emergency": "no", "type": "hospital"}}, {"type": "Feature", "geometry": {"type": "Point", "coordinates": [80.239762, 12.942445]}, "properties": {"name": "Rayar Clinic", "emergency": "no", "type": "clinic"}}, {"type": "Feature", "geometry": {"type": "Point", "coordinates": [80.238165, 12.949875]}, "properties": {"name": "Jayam Hospital", "emergency": "no", "type": "hospital"}}, {"type": "Feature", "geometry": {"type": "Point", "coordinates": [80.193943, 12.916428]}, "properties": {"name": "Dr. Hema's Skin and Hair Clinic", "emergency": "no", "type": "clinic"}}, {"type": "Feature", "geometry": {"type": "Point", "coordinates": [80.194535, 12.914431]}, "properties": {"name": "U.P. Clinic", "emergency": "no", "type": "clinic"}}, {"type": "Feature", "geometry": {"type": "Point", "coordinates": [80.189662, 12.916487]}, "properties": {"name": "Maternity and Child Care Hospital", "emergency": "no", "type": "hospital"}}, {"type": "Feature", "geometry": {"type": "Point", "coordinates": [80.192101, 12.916268]}, "properties": {"name": "Green Land Heart Care Clinic", "emergency": "no", "type": "clinic"}}, {"type": "Feature", "geometry": {"type": "Point", "coordinates": [80.157162, 12.908716]}, "properties": {"name": "Sanjeevi's Ayurveda Therapy Centre", "emergency": "no", "type": "hospital"}}, {"type": "Feature", "geometry": {"type": "Point", "coordinates": [80.234467, 12.933418]}, "properties": {"name": "H.K. Clinic", "emergency": "no", "type": "clinic"}}, {"type": "Feature", "geometry": {"type": "Point", "coordinates": [80.156688, 12.9095]}, "properties": {"name": "Jeevan Clinic", "emergency": "no", "type": "clinic"}}, {"type": "Feature", "geometry": {"type": "Point", "coordinates": [80.192952, 12.915007]}, "properties": {"name": "Shri Balaji Diabetes Hospital", "emergency": "no", "type": "hospital"}}, {"type": "Feature", "geometry": {"type": "Point", "coordinates": [80.241234, 12.940224]}, "properties": {"name": "Dhanvantri Multi Speciality", "emergency": "no", "type": "hospital"}}, {"type": "Feature", "geometry": {"type": "Point", "coordinates": [80.161282, 12.912552]}, "properties": {"name": "Ramana Siddha Clinic", "emergency": "no", "type": "clinic"}}, {"type": "Feature", "geometry": {"type": "Point", "coordinates": [80.158415, 12.915205]}, "properties": {"name": "Dr. S. Thamodharan", "emergency": "no", "type": "doctors"}}, {"type": "Feature", "geometry": {"type": "Point", "coordinates": [80.189206, 12.9185]}, "properties": {"name": "Annai Teresa Hospital", "emergency": "no", "type": "hospital"}}, {"type": "Feature", "geometry": {"type": "Point", "coordinates": [80.187498, 12.91884]}, "properties": {"name": "Dr. Kamakshi Multi Speciality Clinic", "emergency": "no", "type": "clinic"}}, {"type": "Feature", "geometry": {"type": "Point", "coordinates": [80.157127, 12.907366]}, "properties": {"name": "Government Hospital", "emergency": "no", "type": "hospital"}}, {"type": "Feature", "geometry": {"type": "Point", "coordinates": [80.152512, 12.918236]}, "properties": {"name": "Prayoga Hospital", "emergency": "no", "type": "hospital"}}, {"type": "Feature", "geometry": {"type": "Point", "coordinates": [80.2286, 12.901179]}, "properties": {"name": "Swaram Hospital and Speciality Clinic", "emergency": "no", "type": "hospital"}}, {"type": "Feature", "geometry": {"type": "Point", "coordinates": [80.234516, 12.933021]}, "properties": {"name": "Angel Child Clinic", "emergency": "no", "type": "clinic"}}, {"type": "Feature", "geometry": {"type": "Point", "coordinates": [80.190383, 12.91614]}, "properties": {"name": "Neurologist, Praveen Chander Clinic", "emergency": "no", "type": "clinic"}}, {"type": "Feature", "geometry": {"type": "Point", "coordinates": [80.232179, 12.913645]}, "properties": {"name": "Cure and Care Family Clinic", "emergency": "no", "type": "clinic"}}, {"type": "Feature", "geometry": {"type": "Point", "coordinates": [80.190125, 12.915688]}, "properties": {"name": "Dr. S. Arul Anne Rose", "emergency": "no", "type": "doctors"}}, {"type": "Feature", "geometry": {"type": "Point", "coordinates": [80.202736, 12.907274]}, "properties": {"name": "C-Dot Hospital", "emergency": "no", "type": "hospital"}}, {"type": "Feature", "geometry": {"type": "Point", "coordinates": [80.192146, 12.916711]}, "properties": {"name": "Mugavari Eye Hospital and Research Institute", "emergency": "no", "type": "hospital"}}, {"type": "Feature", "geometry": {"type": "Point", "coordinates": [80.207271, 12.906006]}, "properties": {"name": "Global Hospital", "emergency": "no", "type": "hospital"}}, {"type": "Feature", "geometry": {"type": "Point", "coordinates": [80.170739, 12.917678]}, "properties": {"name": "Jeeva Clinic", "emergency": "no", "type": "clinic"}}, {"type": "Feature", "geometry": {"type": "Point", "coordinates": [80.133815, 12.956197]}, "properties": {"name": "Anbu Multi Speciality Clinic", "emergency": "no", "type": "clinic"}}, {"type": "Feature", "geometry": {"type": "Point", "coordinates": [80.17254, 12.938376]}, "properties": {"name": "Avinash Ortho Hospital", "emergency": "no", "type": "hospital"}}, {"type": "Feature", "geometry": {"type": "Point", "coordinates": [80.142633, 12.949755]}, "properties": {"name": "Swathi Clinic", "emergency": "no", "type": "clinic"}}, {"type": "Feature", "geometry": {"type": "Point", "coordinates": [80.146782, 12.947337]}, "properties": {"name": "Dr. Kengadevi Nambiraj Clinic", "emergency": "no", "type": "clinic"}}, {"type": "Feature", "geometry": {"type": "Point", "coordinates": [80.179283, 12.938801]}, "properties": {"name": "Om Sakti Clinic", "emergency": "no", "type": "clinic"}}, {"type": "Feature", "geometry": {"type": "Point", "coordinates": [80.151332, 12.950269]}, "properties": {"name": "Kavitha Ortho and Multi Speciality Hospital", "emergency": "no", "type": "hospital"}}, {"type": "Feature", "geometry": {"type": "Point", "coordinates": [80.131944, 12.955108]}, "properties": {"name": "Dr. Gomathi Hospital", "emergency": "no", "type": "hospital"}}, {"type": "Feature", "geometry": {"type": "Point", "coordinates": [80.201549, 12.920837]}, "properties": {"name": "Sri Vinayaga Clinic", "emergency": "no", "type": "clinic"}}, {"type": "Feature", "geometry": {"type": "Point", "coordinates": [80.139466, 12.957558]}, "properties": {"name": "Dr. Tamilarasan Clinic", "emergency": "no", "type": "clinic"}}, {"type": "Feature", "geometry": {"type": "Point", "coordinates": [80.134044, 12.954923]}, "properties": {"name": "Ray's Head, Neck Care Centre-ENT and Dental Clinic", "emergency": "no", "type": "hospital"}}, {"type": "Feature", "geometry": {"type": "Point", "coordinates": [80.182331, 12.939232]}, "properties": {"name": "Dr. Abdul Wahadood", "emergency": "no", "type": "doctors"}}, {"type": "Feature", "geometry": {"type": "Point", "coordinates": [80.143995, 12.958677]}, "properties": {"name": "The Perima Clinic", "emergency": "no", "type": "clinic"}}, {"type": "Feature", "geometry": {"type": "Point", "coordinates": [80.182057, 12.937024]}, "properties": {"name": "Meena Clinic", "emergency": "no", "type": "clinic"}}, {"type": "Feature", "geometry": {"type": "Point", "coordinates": [80.133465, 12.95484]}, "properties": {"name": "Dr. R. Prameela", "emergency": "no", "type": "doctors"}}, {"type": "Feature", "geometry": {"type": "Point", "coordinates": [80.207866, 12.930878]}, "properties": {"name": "S.M Clinic", "emergency": "no", "type": "clinic"}}, {"type": "Feature", "geometry": {"type": "Point", "coordinates": [80.146919, 12.951173]}, "properties": {"name": "Dr. Sujatha Accupuncture Clinic", "emergency": "no", "type": "clinic"}}, {"type": "Feature", "geometry": {"type": "Point", "coordinates": [80.202681, 12.928255]}, "properties": {"name": "Cuticle Skin Care Clinic", "emergency": "no", "type": "clinic"}}, {"type": "Feature", "geometry": {"type": "Point", "coordinates": [80.203583, 12.934049]}, "properties": {"name": "Radial Ortho Clinic", "emergency": "no", "type": "clinic"}}, {"type": "Feature", "geometry": {"type": "Point", "coordinates": [80.139977, 12.946208]}, "properties": {"name": "Sri Santhanakrishna Padmavati Health Care and Research Centre", "emergency": "no", "type": "hospital"}}, {"type": "Feature", "geometry": {"type": "Point", "coordinates": [80.145371, 12.957374]}, "properties": {"name": "Triveni Nursing Home", "emergency": "no", "type": "clinic"}}, {"type": "Feature", "geometry": {"type": "Point", "coordinates": [80.135929, 12.948073]}, "properties": {"name": "Dr. Santhanam R", "emergency": "no", "type": "doctors"}}, {"type": "Feature", "geometry": {"type": "Point", "coordinates": [80.202696, 12.928455]}, "properties": {"name": "Bethany Physiotherapy Centre", "emergency": "no", "type": "clinic"}}, {"type": "Feature", "geometry": {"type": "Point", "coordinates": [80.183132, 12.935226]}, "properties": {"name": "Dr. Shakuntala Venkatesh Nursing Home", "emergency": "no", "type": "clinic"}}, {"type": "Feature", "geometry": {"type": "Point", "coordinates": [80.20081, 12.928724]}, "properties": {"name": "Janya Child Clinic", "emergency": "no", "type": "clinic"}}, {"type": "Feature", "geometry": {"type": "Point", "coordinates": [80.133984, 12.954062]}, "properties": {"name": "Sri Venkateshwara Hospital", "emergency": "no", "type": "hospital"}}, {"type": "Feature", "geometry": {"type": "Point", "coordinates": [80.202959, 12.929642]}, "properties": {"name": "Dr. Velmurugan Hospital", "emergency": "no", "type": "hospital"}}, {"type": "Feature", "geometry": {"type": "Point", "coordinates": [80.201724, 12.926507]}, "properties": {"name": "Shree's Women Speciality Clinic", "emergency": "no", "type": "clinic"}}, {"type": "Feature", "geometry": {"type": "Point", "coordinates": [80.134981, 12.949906]}, "properties": {"name": "Sri Ram Hospital", "emergency": "no", "type": "hospital"}}, {"type": "Feature", "geometry": {"type": "Point", "coordinates": [80.136041, 12.95833]}, "properties": {"name": "Premalatha Clinic", "emergency": "no", "type": "clinic"}}, {"type": "Feature", "geometry": {"type": "Point", "coordinates": [80.137893, 12.952496]}, "properties": {"name": "Kidney Hospital and Diagnostic Centre", "emergency": "no", "type": "hospital"}}, {"type": "Feature", "geometry": {"type": "Point", "coordinates": [80.181996, 12.934455]}, "properties": {"name": "AM Hospital", "emergency": "no", "type": "hospital"}}, {"type": "Feature", "geometry": {"type": "Point", "coordinates": [80.205195, 12.928002]}, "properties": {"name": "Al-Aafiyah Clinic", "emergency": "no", "type": "clinic"}}, {"type": "Feature", "geometry": {"type": "Point", "coordinates": [80.130393, 12.944817]}, "properties": {"name": "TB Hospital", "emergency": "no", "type": "hospital"}}, {"type": "Feature", "geometry": {"type": "Point", "coordinates": [80.143138, 12.957543]}, "properties": {"name": "HCG Cancer Centre", "emergency": "no", "type": "hospital"}}, {"type": "Feature", "geometry": {"type": "Point", "coordinates": [80.143207, 12.952195]}, "properties": {"name": "Sayee Hospitals", "emergency": "no", "type": "hospital"}}, {"type": "Feature", "geometry": {"type": "Point", "coordinates": [80.146944, 12.948509]}, "properties": {"name": "Ganga Devi Clinic", "emergency": "no", "type": "clinic"}}, {"type": "Feature", "geometry": {"type": "Point", "coordinates": [80.204151, 12.933969]}, "properties": {"name": "Inbam Hospital", "emergency": "no", "type": "hospital"}}, {"type": "Feature", "geometry": {"type": "Point", "coordinates": [80.151321, 12.950312]}, "properties": {"name": "Thanushika Hospital", "emergency": "no", "type": "hospital"}}, {"type": "Feature", "geometry": {"type": "Point", "coordinates": [80.202855, 12.928347]}, "properties": {"name": "Kiruba Clinic", "emergency": "no", "type": "clinic"}}, {"type": "Feature", "geometry": {"type": "Point", "coordinates": [80.18069, 12.939351]}, "properties": {"name": "Hindusthan Hospital", "emergency": "no", "type": "hospital"}}, {"type": "Feature", "geometry": {"type": "Point", "coordinates": [80.204033, 12.935996]}, "properties": {"name": "Sneham Clinic", "emergency": "no", "type": "clinic"}}, {"type": "Feature", "geometry": {"type": "Point", "coordinates": [80.182578, 12.934938]}, "properties": {"name": "Mother's Clinic", "emergency": "no", "type": "clinic"}}, {"type": "Feature", "geometry": {"type": "Point", "coordinates": [80.144664, 12.950593]}, "properties": {"name": "Hima Bindhu Maternity Clinic", "emergency": "no", "type": "clinic"}}, {"type": "Feature", "geometry": {"type": "Point", "coordinates": [80.13705, 12.947856]}, "properties": {"name": "Puthur Kattu", "emergency": "no", "type": "hospital"}}, {"type": "Feature", "geometry": {"type": "Point", "coordinates": [80.144755, 12.954725]}, "properties": {"name": "Minks Homeo Clinic", "emergency": "no", "type": "clinic"}}, {"type": "Feature", "geometry": {"type": "Point", "coordinates": [80.179999, 12.937983]}, "properties": {"name": "RKP Hospital", "emergency": "no", "type": "hospital"}}, {"type": "Feature", "geometry": {"type": "Point", "coordinates": [80.155061, 12.943869]}, "properties": {"name": "KP Clinic", "emergency": "no", "type": "clinic"}}, {"type": "Feature", "geometry": {"type": "Point", "coordinates": [80.200805, 12.928263]}, "properties": {"name": "Muthu Multi Speciality Hospital and Pharmacy", "emergency": "no", "type": "hospital"}}, {"type": "Feature", "geometry": {"type": "Point", "coordinates": [80.201785, 12.926739]}, "properties": {"name": "Dr. Kumarakrishnan", "emergency": "no", "type": "doctors"}}, {"type": "Feature", "geometry": {"type": "Point", "coordinates": [80.182573, 12.934716]}, "properties": {"name": "Dr. Bharati Eye Clinic", "emergency": "no", "type": "clinic"}}, {"type": "Feature", "geometry": {"type": "Point", "coordinates": [80.139703, 12.960669]}, "properties": {"name": "Kokila Siddha Hospital", "emergency": "no", "type": "hospital"}}, {"type": "Feature", "geometry": {"type": "Point", "coordinates": [80.144327, 12.952147]}, "properties": {"name": "Shyam Child Care Clinic", "emergency": "no", "type": "clinic"}}, {"type": "Feature", "geometry": {"type": "Point", "coordinates": [80.14328, 12.952273]}, "properties": {"name": "Dr. S.K Naturals", "emergency": "no", "type": "clinic"}}, {"type": "Feature", "geometry": {"type": "Point", "coordinates": [80.145098, 12.951954]}, "properties": {"name": "Ambe Clinic", "emergency": "no", "type": "clinic"}}, {"type": "Feature", "geometry": {"type": "Point", "coordinates": [80.136977, 12.947995]}, "properties": {"name": "Suji Siddha Clinic", "emergency": "no", "type": "clinic"}}, {"type": "Feature", "geometry": {"type": "Point", "coordinates": [80.138089, 12.951829]}, "properties": {"name": "Smriti's Clinic", "emergency": "no", "type": "clinic"}}, {"type": "Feature", "geometry": {"type": "Point", "coordinates": [80.138264, 12.950312]}, "properties": {"name": "Chrompet Clinic", "emergency": "no", "type": "clinic"}}, {"type": "Feature", "geometry": {"type": "Point", "coordinates": [80.134889, 12.94916]}, "properties": {"name": "Dr. Satyanarayan", "emergency": "no", "type": "doctors"}}, {"type": "Feature", "geometry": {"type": "Point", "coordinates": [80.14397, 12.954493]}, "properties": {"name": "Thomas Health Care Centre", "emergency": "no", "type": "hospital"}}, {"type": "Feature", "geometry": {"type": "Point", "coordinates": [80.181802, 12.935221]}, "properties": {"name": "Raj Joty Eye Hospital", "emergency": "no", "type": "hospital"}}, {"type": "Feature", "geometry": {"type": "Point", "coordinates": [80.144478, 12.935775]}, "properties": {"name": "Jeyasri Physio Clinic", "emergency": "no", "type": "clinic"}}, {"type": "Feature", "geometry": {"type": "Point", "coordinates": [80.147437, 12.945638]}, "properties": {"name": "Dr. Vasunsara Devi Clinic", "emergency": "no", "type": "clinic"}}, {"type": "Feature", "geometry": {"type": "Point", "coordinates": [80.145809, 12.950441]}, "properties": {"name": "Care and Cure Physiotherapy Clinic", "emergency": "no", "type": "clinic"}}, {"type": "Feature", "geometry": {"type": "Point", "coordinates": [80.143246, 12.95372]}, "properties": {"name": "Sun Hospital", "emergency": "no", "type": "hospital"}}, {"type": "Feature", "geometry": {"type": "Point", "coordinates": [80.175388, 12.938414]}, "properties": {"name": "Hariharan Clinic", "emergency": "no", "type": "clinic"}}, {"type": "Feature", "geometry": {"type": "Point", "coordinates": [80.138096, 12.942792]}, "properties": {"name": "Dr. Fathima", "emergency": "no", "type": "doctors"}}, {"type": "Feature", "geometry": {"type": "Point", "coordinates": [80.145469, 12.95183]}, "properties": {"name": "KGS Clinic", "emergency": "no", "type": "clinic"}}, {"type": "Feature", "geometry": {"type": "Point", "coordinates": [80.137278, 12.952056]}, "properties": {"name": "Apollo Hospitals", "emergency": "no", "type": "hospital"}}, {"type": "Feature", "geometry": {"type": "Point", "coordinates": [80.136424, 12.945721]}, "properties": {"name": "Dr. S. Venkatraman", "emergency": "no", "type": "doctors"}}, {"type": "Feature", "geometry": {"type": "Point", "coordinates": [80.146762, 12.947177]}, "properties": {"name": "C.N. Clinic", "emergency": "no", "type": "clinic"}}, {"type": "Feature", "geometry": {"type": "Point", "coordinates": [80.134271, 12.946729]}, "properties": {"name": "Dr. Devakanthan", "emergency": "no", "type": "doctors"}}, {"type": "Feature", "geometry": {"type": "Point", "coordinates": [80.144066, 12.9531]}, "properties": {"name": "Shailaja Hospital", "emergency": "no", "type": "hospital"}}, {"type": "Feature", "geometry": {"type": "Point", "coordinates": [80.140022, 12.945244]}, "properties": {"name": "Dhanwantari Hospital", "emergency": "no", "type": "hospital"}}, {"type": "Feature", "geometry": {"type": "Point", "coordinates": [80.134998, 12.954659]}, "properties": {"name": "Dr. Ashok Kumar Children's Hospital", "emergency": "no", "type": "hospital"}}, {"type": "Feature", "geometry": {"type": "Point", "coordinates": [80.148227, 12.944771]}, "properties": {"name": "Agasthiar Siddha Herbal Health Clinic", "emergency": "no", "type": "clinic"}}, {"type": "Feature", "geometry": {"type": "Point", "coordinates": [80.144766, 12.952068]}, "properties": {"name": "Shri Heart and Diabetes Care Clinic", "emergency": "no", "type": "clinic"}}, {"type": "Feature", "geometry": {"type": "Point", "coordinates": [80.205396, 12.93841]}, "properties": {"name": "Delicare Clinic", "emergency": "no", "type": "clinic"}}, {"type": "Feature", "geometry": {"type": "Point", "coordinates": [80.13467, 12.954515]}, "properties": {"name": "Dr. Senthilnathan", "emergency": "no", "type": "doctors"}}, {"type": "Feature", "geometry": {"type": "Point", "coordinates": [80.183106, 12.939353]}, "properties": {"name": "Dr. R. Karu Shanmuga Karthik's Bone Joint and Spine Clinic", "emergency": "no", "type": "clinic"}}, {"type": "Feature", "geometry": {"type": "Point", "coordinates": [80.138186, 12.951353]}, "properties": {"name": "Mahalakshmi Clinic", "emergency": "no", "type": "clinic"}}, {"type": "Feature", "geometry": {"type": "Point", "coordinates": [80.138102, 12.942241]}, "properties": {"name": "Venus Accupoint", "emergency": "no", "type": "hospital"}}, {"type": "Feature", "geometry": {"type": "Point", "coordinates": [80.140574, 12.942545]}, "properties": {"name": "Saraswathy Hospital", "emergency": "no", "type": "hospital"}}, {"type": "Feature", "geometry": {"type": "Point", "coordinates": [80.199546, 12.928045]}, "properties": {"name": "V Cure Hospital", "emergency": "no", "type": "hospital"}}, {"type": "Feature", "geometry": {"type": "Point", "coordinates": [80.142451, 12.956961]}, "properties": {"name": "Al Elaj Accupressure and Health Centre", "emergency": "no", "type": "hospital"}}, {"type": "Feature", "geometry": {"type": "Point", "coordinates": [80.136083, 12.94538]}, "properties": {"name": "Thyrocare", "emergency": "no", "type": "clinic"}}, {"type": "Feature", "geometry": {"type": "Point", "coordinates": [80.181197, 12.933726]}, "properties": {"name": "V.S. Hospital", "emergency": "no", "type": "hospital"}}, {"type": "Feature", "geometry": {"type": "Point", "coordinates": [80.163698, 12.935835]}, "properties": {"name": "Child Care Clinic. Dr. Krithika", "emergency": "no", "type": "clinic"}}, {"type": "Feature", "geometry": {"type": "Point", "coordinates": [80.213342, 12.934834]}, "properties": {"name": "Sathish Clinic", "emergency": "no", "type": "clinic"}}, {"type": "Feature", "geometry": {"type": "Point", "coordinates": [80.142903, 12.957689]}, "properties": {"name": "Daisy Hospitals", "emergency": "no", "type": "hospital"}}, {"type": "Feature", "geometry": {"type": "Point", "coordinates": [80.133598, 12.955595]}, "properties": {"name": "Shri Sarvesh Fertility and Childcare Clinic", "emergency": "no", "type": "clinic"}}, {"type": "Feature", "geometry": {"type": "Point", "coordinates": [80.140286, 12.942584]}, "properties": {"name": "Gayatri ENT Clinic", "emergency": "no", "type": "clinic"}}, {"type": "Feature", "geometry": {"type": "Point", "coordinates": [80.138742, 12.973361]}, "properties": {"name": "Mother And Child Care Centre", "emergency": "no", "type": "clinic"}}, {"type": "Feature", "geometry": {"type": "Point", "coordinates": [80.145477, 12.968612]}, "properties": {"name": "Al Shifa Cupping Clinic", "emergency": "no", "type": "clinic"}}, {"type": "Feature", "geometry": {"type": "Point", "coordinates": [80.25432, 12.975365]}, "properties": {"name": "Shakthi Hospital", "emergency": "no", "type": "hospital"}}, {"type": "Feature", "geometry": {"type": "Point", "coordinates": [80.132333, 12.971281]}, "properties": {"name": "Chennai Emergency Care Centre", "emergency": "no", "type": "hospital"}}, {"type": "Feature", "geometry": {"type": "Point", "coordinates": [80.140752, 12.971987]}, "properties": {"name": "JIP Hospital", "emergency": "no", "type": "hospital"}}, {"type": "Feature", "geometry": {"type": "Point", "coordinates": [80.26047, 12.972884]}, "properties": {"name": "Dani Physio Clinic", "emergency": "no", "type": "clinic"}}, {"type": "Feature", "geometry": {"type": "Point", "coordinates": [80.144778, 12.966813]}, "properties": {"name": "Dr. Habeb Child Care Hospital", "emergency": "no", "type": "hospital"}}, {"type": "Feature", "geometry": {"type": "Point", "coordinates": [80.259008, 12.975769]}, "properties": {"name": "Hale and Healthy Hospitals", "emergency": "no", "type": "hospital"}}, {"type": "Feature", "geometry": {"type": "Point", "coordinates": [80.259492, 12.975259]}, "properties": {"name": "Noble Super Speciality Clinic", "emergency": "no", "type": "clinic"}}, {"type": "Feature", "geometry": {"type": "Point", "coordinates": [80.255508, 12.975385]}, "properties": {"name": "Turiya Care", "emergency": "no", "type": "clinic"}}, {"type": "Feature", "geometry": {"type": "Point", "coordinates": [80.193717, 13.008748]}, "properties": {"name": "Rathna Hospital", "emergency": "no", "type": "hospital"}}, {"type": "Feature", "geometry": {"type": "Point", "coordinates": [80.203084, 13.003645]}, "properties": {"name": "S.S. Hospital", "emergency": "no", "type": "hospital"}}, {"type": "Feature", "geometry": {"type": "Point", "coordinates": [80.203327, 13.00178]}, "properties": {"name": "Dhanraj Hospital", "emergency": "no", "type": "hospital"}}, {"type": "Feature", "geometry": {"type": "Point", "coordinates": [80.177285, 13.016467]}, "properties": {"name": "Nalam Hospital", "emergency": "no", "type": "hospital"}}, {"type": "Feature", "geometry": {"type": "Point", "coordinates": [80.146412, 12.969984]}, "properties": {"name": "Women's Health Clinic", "emergency": "no", "type": "clinic"}}, {"type": "Feature", "geometry": {"type": "Point", "coordinates": [80.131336, 12.973111]}, "properties": {"name": "Lakshmi Siddha Clinic", "emergency": "no", "type": "clinic"}}, {"type": "Feature", "geometry": {"type": "Point", "coordinates": [80.130799, 12.973474]}, "properties": {"name": "Chennai Hospital", "emergency": "no", "type": "hospital"}}, {"type": "Feature", "geometry": {"type": "Point", "coordinates": [80.183825, 13.015466]}, "properties": {"name": "Healthwise Clinic", "emergency": "no", "type": "clinic"}}, {"type": "Feature", "geometry": {"type": "Point", "coordinates": [80.142039, 12.971755]}, "properties": {"name": "KS Women Wellness Centre and ENT Clinic", "emergency": "no", "type": "clinic"}}, {"type": "Feature", "geometry": {"type": "Point", "coordinates": [80.134666, 13.035837]}, "properties": {"name": "Indhu Siddha Ayurveda Clinic", "emergency": "no", "type": "clinic"}}, {"type": "Feature", "geometry": {"type": "Point", "coordinates": [80.136477, 12.97852]}, "properties": {"name": "Nilaa Women's Care Clinic", "emergency": "no", "type": "clinic"}}, {"type": "Feature", "geometry": {"type": "Point", "coordinates": [80.25912, 12.965371]}, "properties": {"name": "Dr. Aleem's Homoeo Clinic", "emergency": "no", "type": "clinic"}}, {"type": "Feature", "geometry": {"type": "Point", "coordinates": [80.14037, 12.972436]}, "properties": {"name": "Dr. Raja Sudarshan", "emergency": "no", "type": "doctors"}}, {"type": "Feature", "geometry": {"type": "Point", "coordinates": [80.131549, 12.973882]}, "properties": {"name": "Deenan Health Care", "emergency": "no", "type": "hospital"}}, {"type": "Feature", "geometry": {"type": "Point", "coordinates": [80.132778, 12.975776]}, "properties": {"name": "Divine Clinic", "emergency": "no", "type": "clinic"}}, {"type": "Feature", "geometry": {"type": "Point", "coordinates": [80.258257, 12.975142]}, "properties": {"name": "Promed Hospital", "emergency": "no", "type": "hospital"}}, {"type": "Feature", "geometry": {"type": "Point", "coordinates": [80.256614, 12.969363]}, "properties": {"name": "Happy Clinic Hospital", "emergency": "no", "type": "hospital"}}, {"type": "Feature", "geometry": {"type": "Point", "coordinates": [80.137301, 12.973052]}, "properties": {"name": "Dharani Clinic", "emergency": "no", "type": "clinic"}}, {"type": "Feature", "geometry": {"type": "Point", "coordinates": [80.259508, 12.97267]}, "properties": {"name": "Smiles Nature Cure", "emergency": "no", "type": "clinic"}}, {"type": "Feature", "geometry": {"type": "Point", "coordinates": [80.144538, 12.971892]}, "properties": {"name": "Shadithya Hospital", "emergency": "no", "type": "hospital"}}, {"type": "Feature", "geometry": {"type": "Point", "coordinates": [80.186442, 13.036466]}, "properties": {"name": "Sri Renga Clinic", "emergency": "no", "type": "clinic"}}, {"type": "Feature", "geometry": {"type": "Point", "coordinates": [80.133741, 12.975069]}, "properties": {"name": "Bailey Opticals Eye Clinic", "emergency": "no", "type": "clinic"}}, {"type": "Feature", "geometry": {"type": "Point", "coordinates": [80.146476, 12.970939]}, "properties": {"name": "Dr. Padam's Surgicare", "emergency": "no", "type": "clinic"}}, {"type": "Feature", "geometry": {"type": "Point", "coordinates": [80.207025, 13.002788]}, "properties": {"name": "Jaya Sri Hospital", "emergency": "no", "type": "hospital"}}, {"type": "Feature", "geometry": {"type": "Point", "coordinates": [80.136477, 13.044166]}, "properties": {"name": "Kedar Hospital", "emergency": "no", "type": "hospital"}}, {"type": "Feature", "geometry": {"type": "Point", "coordinates": [80.136323, 12.978574]}, "properties": {"name": "Dermalaya, Skin & Hair Laser Clinic", "emergency": "no", "type": "clinic"}}, {"type": "Feature", "geometry": {"type": "Point", "coordinates": [80.206363, 13.003406]}, "properties": {"name": "Kaanthi Makapperu Hospital", "emergency": "no", "type": "hospital"}}, {"type": "Feature", "geometry": {"type": "Point", "coordinates": [80.138837, 12.971803]}, "properties": {"name": "Re Active Physiotherapy Clinic", "emergency": "no", "type": "clinic"}}, {"type": "Feature", "geometry": {"type": "Point", "coordinates": [80.149901, 12.970047]}, "properties": {"name": "Medforte Health Care", "emergency": "no", "type": "hospital"}}, {"type": "Feature", "geometry": {"type": "Point", "coordinates": [80.138688, 12.973154]}, "properties": {"name": "KO's Skin and Hair Clinic", "emergency": "no", "type": "clinic"}}, {"type": "Feature", "geometry": {"type": "Point", "coordinates": [80.133889, 12.971006]}, "properties": {"name": "Sneha General Surgical Clinic", "emergency": "no", "type": "clinic"}}, {"type": "Feature", "geometry": {"type": "Point", "coordinates": [80.148318, 12.97059]}, "properties": {"name": "Contonment Board General Hospital", "emergency": "no", "type": "hospital"}}, {"type": "Feature", "geometry": {"type": "Point", "coordinates": [80.253949, 12.982958]}, "properties": {"name": "Sri Sai Clinic", "emergency": "no", "type": "clinic"}}, {"type": "Feature", "geometry": {"type": "Point", "coordinates": [80.263813, 12.996269]}, "properties": {"name": "Shri Gurukrupa Clinic", "emergency": "no", "type": "clinic"}}, {"type": "Feature", "geometry": {"type": "Point", "coordinates": [80.259708, 13.022185]}, "properties": {"name": "Dr. Vasantha's Eye Clinic", "emergency": "no", "type": "clinic"}}, {"type": "Feature", "geometry": {"type": "Point", "coordinates": [80.266006, 12.995639]}, "properties": {"name": "Synapse Pain and Spine Clinic", "emergency": "no", "type": "clinic"}}, {"type": "Feature", "geometry": {"type": "Point", "coordinates": [80.263795, 13.038025]}, "properties": {"name": "Dr. S. Nambi", "emergency": "no", "type": "doctors"}}, {"type": "Feature", "geometry": {"type": "Point", "coordinates": [80.261505, 12.991535]}, "properties": {"name": "Corporation Hospital", "emergency": "no", "type": "hospital"}}, {"type": "Feature", "geometry": {"type": "Point", "coordinates": [80.258947, 12.978253]}, "properties": {"name": "Relief Dental Hospitals", "emergency": "no", "type": "hospital"}}, {"type": "Feature", "geometry": {"type": "Point", "coordinates": [80.263076, 12.996003]}, "properties": {"name": "RR Clinic", "emergency": "no", "type": "clinic"}}, {"type": "Feature", "geometry": {"type": "Point", "coordinates": [80.268243, 12.995427]}, "properties": {"name": "Dr. Baranee's Sukra Diabetes Care", "emergency": "no", "type": "clinic"}}, {"type": "Feature", "geometry": {"type": "Point", "coordinates": [80.262214, 12.986672]}, "properties": {"name": "Best Siddha Clinic", "emergency": "no", "type": "clinic"}}, {"type": "Feature", "geometry": {"type": "Point", "coordinates": [80.260616, 13.029721]}, "properties": {"name": "Sri Sarada Ayurveda Clinic", "emergency": "no", "type": "clinic"}}, {"type": "Feature", "geometry": {"type": "Point", "coordinates": [80.257847, 12.997876]}, "properties": {"name": "Dr. Parvin", "emergency": "no", "type": "doctors"}}, {"type": "Feature", "geometry": {"type": "Point", "coordinates": [80.260279, 13.029245]}, "properties": {"name": "Dr. Vasantha Clinic", "emergency": "no", "type": "clinic"}}, {"type": "Feature", "geometry": {"type": "Point", "coordinates": [80.260151, 12.986366]}, "properties": {"name": "Drabaranam Pulmonology Clinic", "emergency": "no", "type": "clinic"}}, {"type": "Feature", "geometry": {"type": "Point", "coordinates": [80.259518, 12.979696]}, "properties": {"name": "Jeeva ENT Clinic", "emergency": "no", "type": "clinic"}}, {"type": "Feature", "geometry": {"type": "Point", "coordinates": [80.277985, 13.054408]}, "properties": {"name": "Dr. Vasanthi Clinic", "emergency": "no", "type": "clinic"}}, {"type": "Feature", "geometry": {"type": "Point", "coordinates": [80.267354, 13.041251]}, "properties": {"name": "Accu Hospital", "emergency": "no", "type": "hospital"}}, {"type": "Feature", "geometry": {"type": "Point", "coordinates": [80.258561, 12.985598]}, "properties": {"name": "Leela Eye Clinic", "emergency": "no", "type": "clinic"}}, {"type": "Feature", "geometry": {"type": "Point", "coordinates": [80.263716, 12.996312]}, "properties": {"name": "The Homeo Clinic", "emergency": "no", "type": "clinic"}}, {"type": "Feature", "geometry": {"type": "Point", "coordinates": [80.273209, 13.051211]}, "properties": {"name": "Kalyani Hospital", "emergency": "no", "type": "hospital"}}, {"type": "Feature", "geometry": {"type": "Point", "coordinates": [80.265848, 13.037529]}, "properties": {"name": "Dr. N. Sekar", "emergency": "no", "type": "clinic"}}, {"type": "Feature", "geometry": {"type": "Point", "coordinates": [80.268589, 13.039724]}, "properties": {"name": "Ashwath Health Care", "emergency": "no", "type": "clinic"}}, {"type": "Feature", "geometry": {"type": "Point", "coordinates": [80.261793, 12.994791]}, "properties": {"name": "Dr. Suseela", "emergency": "no", "type": "doctors"}}, {"type": "Feature", "geometry": {"type": "Point", "coordinates": [80.264161, 12.996282]}, "properties": {"name": "Jeyam Gastro Clinc", "emergency": "no", "type": "clinic"}}, {"type": "Feature", "geometry": {"type": "Point", "coordinates": [80.269455, 12.994056]}, "properties": {"name": "Rekha Multispeciality Clinic", "emergency": "no", "type": "clinic"}}, {"type": "Feature", "geometry": {"type": "Point", "coordinates": [80.262948, 12.994955]}, "properties": {"name": "The Chennai Speciality Clinic", "emergency": "no", "type": "clinic"}}, {"type": "Feature", "geometry": {"type": "Point", "coordinates": [80.258498, 12.979051]}, "properties": {"name": "The Madras Pain Clinic", "emergency": "no", "type": "clinic"}}, {"type": "Feature", "geometry": {"type": "Point", "coordinates": [80.266496, 13.042349]}, "properties": {"name": "Sai Clinic", "emergency": "no", "type": "clinic"}}, {"type": "Feature", "geometry": {"type": "Point", "coordinates": [80.262601, 12.9964]}, "properties": {"name": "Akshaya Poly Clinic", "emergency": "no", "type": "clinic"}}, {"type": "Feature", "geometry": {"type": "Point", "coordinates": [80.258193, 13.038537]}, "properties": {"name": "Triveni Hospital", "emergency": "no", "type": "hospital"}}, {"type": "Feature", "geometry": {"type": "Point", "coordinates": [80.260187, 12.986383]}, "properties": {"name": "SMK Hospital", "emergency": "no", "type": "hospital"}}, {"type": "Feature", "geometry": {"type": "Point", "coordinates": [80.258285, 12.996956]}, "properties": {"name": "Dr. Prema Womens Clinic", "emergency": "no", "type": "clinic"}}, {"type": "Feature", "geometry": {"type": "Point", "coordinates": [80.258558, 12.997859]}, "properties": {"name": "K.S. Subramanian Child Specialist", "emergency": "no", "type": "clinic"}}, {"type": "Feature", "geometry": {"type": "Point", "coordinates": [80.255966, 12.983265]}, "properties": {"name": "Dr. Kavitha Iyer's Orthodontics & Dental Centre", "emergency": "no", "type": "clinic"}}, {"type": "Feature", "geometry": {"type": "Point", "coordinates": [80.257233, 13.001311]}, "properties": {"name": "Dr. Vindhiya", "emergency": "no", "type": "doctors"}}, {"type": "Feature", "geometry": {"type": "Point", "coordinates": [80.272605, 13.053221]}, "properties": {"name": "B.K. Clinic", "emergency": "no", "type": "clinic"}}, {"type": "Feature", "geometry": {"type": "Point", "coordinates": [80.262448, 12.991672]}, "properties": {"name": "Uma Sankaran Siddha Hospital", "emergency": "no", "type": "hospital"}}, {"type": "Feature", "geometry": {"type": "Point", "coordinates": [80.259572, 13.031871]}, "properties": {"name": "Sai Neuro Clinic", "emergency": "no", "type": "clinic"}}, {"type": "Feature", "geometry": {"type": "Point", "coordinates": [80.264321, 12.981589]}, "properties": {"name": "Vethathiri Maharishi Siddha Clinic", "emergency": "no", "type": "clinic"}}, {"type": "Feature", "geometry": {"type": "Point", "coordinates": [80.274795, 13.04906]}, "properties": {"name": "Vasantha Hospital", "emergency": "no", "type": "hospital"}}, {"type": "Feature", "geometry": {"type": "Point", "coordinates": [80.258003, 13.034819]}, "properties": {"name": "Elixir Multi Speciality Centre", "emergency": "no", "type": "clinic"}}, {"type": "Feature", "geometry": {"type": "Point", "coordinates": [80.266873, 13.04547]}, "properties": {"name": "Orthomed Hospital", "emergency": "no", "type": "hospital"}}, {"type": "Feature", "geometry": {"type": "Point", "coordinates": [80.266183, 12.994316]}, "properties": {"name": "Akshi Vision Therapy", "emergency": "no", "type": "clinic"}}, {"type": "Feature", "geometry": {"type": "Point", "coordinates": [80.258776, 12.976785]}, "properties": {"name": "Remedy Clinic", "emergency": "no", "type": "clinic"}}, {"type": "Feature", "geometry": {"type": "Point", "coordinates": [80.258796, 13.001349]}, "properties": {"name": "Mint Hospitals", "emergency": "no", "type": "hospital"}}, {"type": "Feature", "geometry": {"type": "Point", "coordinates": [80.261741, 12.982038]}, "properties": {"name": "Sri Sai Homoeo Clinic", "emergency": "no", "type": "clinic"}}, {"type": "Feature", "geometry": {"type": "Point", "coordinates": [80.261296, 13.037323]}, "properties": {"name": "Sri Sai Speciality Clinic", "emergency": "no", "type": "clinic"}}, {"type": "Feature", "geometry": {"type": "Point", "coordinates": [80.258997, 12.977456]}, "properties": {"name": "Dr. Suryakumari", "emergency": "no", "type": "doctors"}}, {"type": "Feature", "geometry": {"type": "Point", "coordinates": [80.264201, 12.996412]}, "properties": {"name": "Nanthini Speciality Clinic", "emergency": "no", "type": "clinic"}}, {"type": "Feature", "geometry": {"type": "Point", "coordinates": [80.254321, 12.982712]}, "properties": {"name": "Appasamy Pillai Bone Setting Clinic", "emergency": "no", "type": "clinic"}}, {"type": "Feature", "geometry": {"type": "Point", "coordinates": [80.263873, 12.981277]}, "properties": {"name": "Tharu Clinic", "emergency": "no", "type": "clinic"}}, {"type": "Feature", "geometry": {"type": "Point", "coordinates": [80.261965, 12.993602]}, "properties": {"name": "Sujetha Clinic", "emergency": "no", "type": "clinic"}}, {"type": "Feature", "geometry": {"type": "Point", "coordinates": [80.261844, 13.038622]}, "properties": {"name": "Dr. M G Rajamanickam", "emergency": "no", "type": "doctors"}}, {"type": "Feature", "geometry": {"type": "Point", "coordinates": [80.259424, 12.980293]}, "properties": {"name": "Dr. K.Chandra ENT Clinic", "emergency": "no", "type": "clinic"}}, {"type": "Feature", "geometry": {"type": "Point", "coordinates": [80.261316, 13.037733]}, "properties": {"name": "Dr. Niraj Joshi", "emergency": "no", "type": "doctors"}}, {"type": "Feature", "geometry": {"type": "Point", "coordinates": [80.263583, 12.996308]}, "properties": {"name": "Dr. Ubal Dhus", "emergency": "no", "type": "doctors"}}, {"type": "Feature", "geometry": {"type": "Point", "coordinates": [80.259044, 12.985488]}, "properties": {"name": "Sri Saradha Eye Clinic", "emergency": "no", "type": "clinic"}}, {"type": "Feature", "geometry": {"type": "Point", "coordinates": [80.267691, 13.039965]}, "properties": {"name": "Dr. G. Venkatakrishnan", "emergency": "no", "type": "doctors"}}, {"type": "Feature", "geometry": {"type": "Point", "coordinates": [80.263941, 13.043659]}, "properties": {"name": "Saanvi Fertility Centre Urology and Stone Centre", "emergency": "no", "type": "hospital"}}, {"type": "Feature", "geometry": {"type": "Point", "coordinates": [80.272786, 13.052877]}, "properties": {"name": "The Crescent Hospital", "emergency": "no", "type": "hospital"}}, {"type": "Feature", "geometry": {"type": "Point", "coordinates": [80.262078, 13.042836]}, "properties": {"name": "Chennai Urology Clinic", "emergency": "no", "type": "clinic"}}, {"type": "Feature", "geometry": {"type": "Point", "coordinates": [80.263934, 13.03839]}, "properties": {"name": "Dr. Sridher", "emergency": "no", "type": "doctors"}}, {"type": "Feature", "geometry": {"type": "Point", "coordinates": [80.277477, 13.054632]}, "properties": {"name": "Syma Hospital", "emergency": "no", "type": "hospital"}}, {"type": "Feature", "geometry": {"type": "Point", "coordinates": [80.275651, 13.054762]}, "properties": {"name": "Sri Parthasarathy Hospital", "emergency": "no", "type": "hospital"}}, {"type": "Feature", "geometry": {"type": "Point", "coordinates": [80.267851, 13.037488]}, "properties": {"name": "Children's Clinic", "emergency": "no", "type": "clinic"}}, {"type": "Feature", "geometry": {"type": "Point", "coordinates": [80.258081, 12.978762]}, "properties": {"name": "Sreehareeyam Ayurveda", "emergency": "no", "type": "clinic"}}, {"type": "Feature", "geometry": {"type": "Point", "coordinates": [80.259959, 12.989017]}, "properties": {"name": "Ashwini Hospital", "emergency": "no", "type": "hospital"}}, {"type": "Feature", "geometry": {"type": "Point", "coordinates": [80.2665, 13.042006]}, "properties": {"name": "Vijayganga Speciality Care", "emergency": "no", "type": "clinic"}}, {"type": "Feature", "geometry": {"type": "Point", "coordinates": [80.277102, 13.055457]}, "properties": {"name": "Homeopathy Clinic", "emergency": "no", "type": "clinic"}}, {"type": "Feature", "geometry": {"type": "Point", "coordinates": [80.269264, 12.99568]}, "properties": {"name": "Jayam Polyclinic", "emergency": "no", "type": "clinic"}}, {"type": "Feature", "geometry": {"type": "Point", "coordinates": [80.199977, 13.056806]}, "properties": {"name": "Revathi Child Care Clinic", "emergency": "no", "type": "clinic"}}, {"type": "Feature", "geometry": {"type": "Point", "coordinates": [80.193607, 13.039883]}, "properties": {"name": "Aishwarya Clinic", "emergency": "no", "type": "clinic"}}, {"type": "Feature", "geometry": {"type": "Point", "coordinates": [80.20767, 13.052893]}, "properties": {"name": "Spn Orthopaedic Clinic", "emergency": "no", "type": "clinic"}}, {"type": "Feature", "geometry": {"type": "Point", "coordinates": [80.206859, 13.054937]}, "properties": {"name": "R.S. Hospital", "emergency": "no", "type": "hospital"}}, {"type": "Feature", "geometry": {"type": "Point", "coordinates": [80.192755, 13.038873]}, "properties": {"name": "Arun Vijaya Hospitals", "emergency": "no", "type": "hospital"}}, {"type": "Feature", "geometry": {"type": "Point", "coordinates": [80.198496, 13.055132]}, "properties": {"name": "Dr. Jayarajah M", "emergency": "no", "type": "doctors"}}, {"type": "Feature", "geometry": {"type": "Point", "coordinates": [80.24239, 13.06246]}, "properties": {"name": "Pranic Health", "emergency": "no", "type": "clinic"}}, {"type": "Feature", "geometry": {"type": "Point", "coordinates": [80.199068, 13.051432]}, "properties": {"name": "Lakshana Physiotherapy", "emergency": "no", "type": "clinic"}}, {"type": "Feature", "geometry": {"type": "Point", "coordinates": [80.192769, 13.054933]}, "properties": {"name": "Dr. V Mahadevan", "emergency": "no", "type": "doctors"}}, {"type": "Feature", "geometry": {"type": "Point", "coordinates": [80.205697, 13.052218]}, "properties": {"name": "Prime Health Care Clinics", "emergency": "no", "type": "clinic"}}, {"type": "Feature", "geometry": {"type": "Point", "coordinates": [80.193873, 13.048867]}, "properties": {"name": "Swathy Clinic", "emergency": "no", "type": "clinic"}}, {"type": "Feature", "geometry": {"type": "Point", "coordinates": [80.186222, 13.046321]}, "properties": {"name": "Jayanthi Skin and Bone Care Clinic", "emergency": "no", "type": "clinic"}}, {"type": "Feature", "geometry": {"type": "Point", "coordinates": [80.195933, 13.038562]}, "properties": {"name": "Anub Sivam Clinic", "emergency": "no", "type": "clinic"}}, {"type": "Feature", "geometry": {"type": "Point", "coordinates": [80.203498, 13.050976]}, "properties": {"name": "Dr. J. Sarojini Homoeopathic Clinic", "emergency": "no", "type": "clinic"}}, {"type": "Feature", "geometry": {"type": "Point", "coordinates": [80.201287, 13.055317]}, "properties": {"name": "C.M. Hospital", "emergency": "no", "type": "hospital"}}, {"type": "Feature", "geometry": {"type": "Point", "coordinates": [80.199041, 13.058067]}, "properties": {"name": "Shri Sai Skin and Eye Clinic", "emergency": "no", "type": "clinic"}}, {"type": "Feature", "geometry": {"type": "Point", "coordinates": [80.193165, 13.048965]}, "properties": {"name": "Pulmo Care", "emergency": "no", "type": "clinic"}}, {"type": "Feature", "geometry": {"type": "Point", "coordinates": [80.193167, 13.039323]}, "properties": {"name": "Sucha Eye Cure", "emergency": "no", "type": "clinic"}}, {"type": "Feature", "geometry": {"type": "Point", "coordinates": [80.204702, 13.051996]}, "properties": {"name": "Shali Day & Night Hospital", "emergency": "no", "type": "hospital"}}, {"type": "Feature", "geometry": {"type": "Point", "coordinates": [80.199544, 13.055482]}, "properties": {"name": "Ponni Nursing Home", "emergency": "no", "type": "clinic"}}, {"type": "Feature", "geometry": {"type": "Point", "coordinates": [80.243818, 13.051051]}, "properties": {"name": "Koncept Hospitals", "emergency": "no", "type": "hospital"}}, {"type": "Feature", "geometry": {"type": "Point", "coordinates": [80.189556, 13.048491]}, "properties": {"name": "Sri Venkateswara Clinic", "emergency": "no", "type": "clinic"}}, {"type": "Feature", "geometry": {"type": "Point", "coordinates": [80.207658, 13.052011]}, "properties": {"name": "Diawin Multi Speciality Siddha Hospital", "emergency": "no", "type": "hospital"}}, {"type": "Feature", "geometry": {"type": "Point", "coordinates": [80.200756, 13.051075]}, "properties": {"name": "JKR Clinic", "emergency": "no", "type": "clinic"}}, {"type": "Feature", "geometry": {"type": "Point", "coordinates": [80.246255, 13.056753]}, "properties": {"name": "Skin Doctor", "emergency": "no", "type": "clinic"}}, {"type": "Feature", "geometry": {"type": "Point", "coordinates": [80.247734, 13.055454]}, "properties": {"name": "G G Hospital", "emergency": "no", "type": "hospital"}}, {"type": "Feature", "geometry": {"type": "Point", "coordinates": [80.207376, 13.05243]}, "properties": {"name": "Madhu Clinic", "emergency": "no", "type": "clinic"}}, {"type": "Feature", "geometry": {"type": "Point", "coordinates": [80.243494, 13.061671]}, "properties": {"name": "K R S Hospitals", "emergency": "no", "type": "hospital"}}, {"type": "Feature", "geometry": {"type": "Point", "coordinates": [80.241234, 13.061993]}, "properties": {"name": "Dr. Rajaram Clinic", "emergency": "no", "type": "clinic"}}, {"type": "Feature", "geometry": {"type": "Point", "coordinates": [80.243704, 13.061637]}, "properties": {"name": "Sterling Hospitals", "emergency": "no", "type": "hospital"}}, {"type": "Feature", "geometry": {"type": "Point", "coordinates": [80.193912, 13.051637]}, "properties": {"name": "Lily Shantha Hospital", "emergency": "no", "type": "hospital"}}, {"type": "Feature", "geometry": {"type": "Point", "coordinates": [80.192491, 13.038195]}, "properties": {"name": "Dr. A. Aravind Clinic", "emergency": "no", "type": "clinic"}}, {"type": "Feature", "geometry": {"type": "Point", "coordinates": [80.20781, 13.054271]}, "properties": {"name": "Chitra Clinic", "emergency": "no", "type": "clinic"}}, {"type": "Feature", "geometry": {"type": "Point", "coordinates": [80.245946, 13.059443]}, "properties": {"name": "Dr. Maibbar Hospital", "emergency": "no", "type": "hospital"}}, {"type": "Feature", "geometry": {"type": "Point", "coordinates": [80.192014, 13.048657]}, "properties": {"name": "Ruban Moses Clinic", "emergency": "no", "type": "clinic"}}, {"type": "Feature", "geometry": {"type": "Point", "coordinates": [80.199197, 13.053927]}, "properties": {"name": "Swastik Hospital", "emergency": "no", "type": "hospital"}}, {"type": "Feature", "geometry": {"type": "Point", "coordinates": [80.191921, 13.051889]}, "properties": {"name": "Cura Health Plus", "emergency": "no", "type": "clinic"}}, {"type": "Feature", "geometry": {"type": "Point", "coordinates": [80.194325, 13.042248]}, "properties": {"name": "Sri Varma and Spine Care Centre", "emergency": "no", "type": "clinic"}}, {"type": "Feature", "geometry": {"type": "Point", "coordinates": [80.243411, 13.059224]}, "properties": {"name": "Sri Sai Swamy Clinic", "emergency": "no", "type": "clinic"}}, {"type": "Feature", "geometry": {"type": "Point", "coordinates": [80.195499, 13.041747]}, "properties": {"name": "American Eye Care Centre", "emergency": "no", "type": "clinic"}}, {"type": "Feature", "geometry": {"type": "Point", "coordinates": [80.203682, 13.05352]}, "properties": {"name": "SV Vision & Dental Care", "emergency": "no", "type": "clinic"}}, {"type": "Feature", "geometry": {"type": "Point", "coordinates": [80.203888, 13.052988]}, "properties": {"name": "Sakthi Natural Fertility Care", "emergency": "no", "type": "clinic"}}, {"type": "Feature", "geometry": {"type": "Point", "coordinates": [80.201213, 13.05858]}, "properties": {"name": "Sakthi Nursing Home", "emergency": "no", "type": "clinic"}}, {"type": "Feature", "geometry": {"type": "Point", "coordinates": [80.198538, 13.054235]}, "properties": {"name": "N.R.G. Multispeciality Clinic", "emergency": "no", "type": "clinic"}}, {"type": "Feature", "geometry": {"type": "Point", "coordinates": [80.196998, 13.056549]}, "properties": {"name": "Dr. K. Chandralekha", "emergency": "no", "type": "doctors"}}, {"type": "Feature", "geometry": {"type": "Point", "coordinates": [80.189943, 13.052694]}, "properties": {"name": "Standard Hospital", "emergency": "no", "type": "hospital"}}, {"type": "Feature", "geometry": {"type": "Point", "coordinates": [80.1972, 13.055418]}, "properties": {"name": "Herba Clinic", "emergency": "no", "type": "clinic"}}, {"type": "Feature", "geometry": {"type": "Point", "coordinates": [80.189575, 13.049636]}, "properties": {"name": "Vijay Anand Clinic", "emergency": "no", "type": "clinic"}}, {"type": "Feature", "geometry": {"type": "Point", "coordinates": [80.243709, 13.059395]}, "properties": {"name": "Dr. Srinivasan", "emergency": "no", "type": "doctors"}}, {"type": "Feature", "geometry": {"type": "Point", "coordinates": [80.191781, 13.052772]}, "properties": {"name": "MM Hospital", "emergency": "no", "type": "hospital"}}, {"type": "Feature", "geometry": {"type": "Point", "coordinates": [80.206271, 13.051969]}, "properties": {"name": "Lister Metropolis", "emergency": "no", "type": "clinic"}}, {"type": "Feature", "geometry": {"type": "Point", "coordinates": [80.19224, 13.051954]}, "properties": {"name": "Dr. R. Muthukumar ENT Surgeon", "emergency": "no", "type": "clinic"}}, {"type": "Feature", "geometry": {"type": "Point", "coordinates": [80.203188, 13.051465]}, "properties": {"name": "Arun Hospital", "emergency": "no", "type": "hospital"}}, {"type": "Feature", "geometry": {"type": "Point", "coordinates": [80.198927, 13.053821]}, "properties": {"name": "Krishna Geetham Vaidyasala", "emergency": "no", "type": "hospital"}}, {"type": "Feature", "geometry": {"type": "Point", "coordinates": [80.199343, 13.053108]}, "properties": {"name": "Ezhilarasi Clinic", "emergency": "no", "type": "clinic"}}, {"type": "Feature", "geometry": {"type": "Point", "coordinates": [80.245504, 13.057901]}, "properties": {"name": "D` Mas Joint & Sports Injury Clinic", "emergency": "no", "type": "clinic"}}, {"type": "Feature", "geometry": {"type": "Point", "coordinates": [80.19226, 13.051152]}, "properties": {"name": "Jayam Diabetes Speciality Clinic", "emergency": "no", "type": "clinic"}}, {"type": "Feature", "geometry": {"type": "Point", "coordinates": [80.189524, 13.047923]}, "properties": {"name": "Dr. K V Sivakumar", "emergency": "no", "type": "doctors"}}, {"type": "Feature", "geometry": {"type": "Point", "coordinates": [80.186808, 13.046215]}, "properties": {"name": "Malar Homeopath Clinic", "emergency": "no", "type": "clinic"}}, {"type": "Feature", "geometry": {"type": "Point", "coordinates": [80.252244, 13.080209]}, "properties": {"name": "Agm Hospital", "emergency": "no", "type": "hospital"}}, {"type": "Feature", "geometry": {"type": "Point", "coordinates": [80.267125, 13.08094]}, "properties": {"name": "Dr. Mohammed Ali", "emergency": "no", "type": "doctors"}}, {"type": "Feature", "geometry": {"type": "Point", "coordinates": [80.265635, 13.086043]}, "properties": {"name": "Orient Clinics", "emergency": "no", "type": "clinic"}}, {"type": "Feature", "geometry": {"type": "Point", "coordinates": [80.241601, 13.088647]}, "properties": {"name": "Dr. Sambandam Eye Hospital", "emergency": "no", "type": "hospital"}}, {"type": "Feature", "geometry": {"type": "Point", "coordinates": [80.25768, 13.079716]}, "properties": {"name": "Dr. Mrs. Renuka Ramakrishnan", "emergency": "no", "type": "doctors"}}, {"type": "Feature", "geometry": {"type": "Point", "coordinates": [80.270994, 13.082885]}, "properties": {"name": "Sugumar Hospital", "emergency": "no", "type": "hospital"}}, {"type": "Feature", "geometry": {"type": "Point", "coordinates": [80.241875, 13.088176]}, "properties": {"name": "Dr. V.G.K Memorial Homeo Clinic", "emergency": "no", "type": "clinic"}}, {"type": "Feature", "geometry": {"type": "Point", "coordinates": [80.241855, 13.088884]}, "properties": {"name": "Ranjith Hospital", "emergency": "no", "type": "hospital"}}, {"type": "Feature", "geometry": {"type": "Point", "coordinates": [80.242112, 13.088554]}, "properties": {"name": "Akn Nursing Home", "emergency": "no", "type": "clinic"}}, {"type": "Feature", "geometry": {"type": "Point", "coordinates": [80.269266, 13.076227]}, "properties": {"name": "Dr. S. Kalaiselvi and Dr. Raghunathan", "emergency": "no", "type": "doctors"}}, {"type": "Feature", "geometry": {"type": "Point", "coordinates": [80.242149, 13.070432]}, "properties": {"name": "Mythili Hospitals", "emergency": "no", "type": "hospital"}}, {"type": "Feature", "geometry": {"type": "Point", "coordinates": [80.262082, 13.07127]}, "properties": {"name": "Metropolis Healthcare", "emergency": "no", "type": "clinic"}}, {"type": "Feature", "geometry": {"type": "Point", "coordinates": [80.265648, 13.086472]}, "properties": {"name": "Navakar I Care", "emergency": "no", "type": "clinic"}}, {"type": "Feature", "geometry": {"type": "Point", "coordinates": [80.240939, 13.071972]}, "properties": {"name": "Nandita's Clinic", "emergency": "no", "type": "clinic"}}, {"type": "Feature", "geometry": {"type": "Point", "coordinates": [80.253798, 13.074664]}, "properties": {"name": "Santosham Chest Hospital", "emergency": "no", "type": "hospital"}}, {"type": "Feature", "geometry": {"type": "Point", "coordinates": [80.262265, 13.071546]}, "properties": {"name": "Tune 32 Hospital", "emergency": "no", "type": "hospital"}}, {"type": "Feature", "geometry": {"type": "Point", "coordinates": [80.245077, 13.077158]}, "properties": {"name": "Pandalai Hospital", "emergency": "no", "type": "hospital"}}, {"type": "Feature", "geometry": {"type": "Point", "coordinates": [80.257578, 13.079584]}, "properties": {"name": "Premier Health Centre", "emergency": "no", "type": "clinic"}}, {"type": "Feature", "geometry": {"type": "Point", "coordinates": [80.254086, 13.078642]}, "properties": {"name": "Centre For Gastro Esophageal Disorders", "emergency": "no", "type": "hospital"}}, {"type": "Feature", "geometry": {"type": "Point", "coordinates": [80.234006, 13.080748]}, "properties": {"name": "Be Well Hospital", "emergency": "no", "type": "hospital"}}, {"type": "Feature", "geometry": {"type": "Point", "coordinates": [80.233925, 13.076912]}, "properties": {"name": "Padma Clinic & Nursing Home", "emergency": "no", "type": "clinic"}}, {"type": "Feature", "geometry": {"type": "Point", "coordinates": [80.250611, 13.081241]}, "properties": {"name": "Puttur Kattu Hospital", "emergency": "no", "type": "hospital"}}, {"type": "Feature", "geometry": {"type": "Point", "coordinates": [80.270509, 13.075279]}, "properties": {"name": "Vinayagam Clinic", "emergency": "no", "type": "clinic"}}, {"type": "Feature", "geometry": {"type": "Point", "coordinates": [80.255544, 13.074758]}, "properties": {"name": "Dr. Ilavarasan Ortho Clinic", "emergency": "no", "type": "clinic"}}, {"type": "Feature", "geometry": {"type": "Point", "coordinates": [80.266998, 13.084958]}, "properties": {"name": "An-Noor Eye Hospital", "emergency": "no", "type": "hospital"}}, {"type": "Feature", "geometry": {"type": "Point", "coordinates": [80.268843, 13.074709]}, "properties": {"name": "Nalam Clinic", "emergency": "no", "type": "clinic"}}, {"type": "Feature", "geometry": {"type": "Point", "coordinates": [80.27068, 13.075558]}, "properties": {"name": "Dr. Arjun Thomas Clinic", "emergency": "no", "type": "clinic"}}, {"type": "Feature", "geometry": {"type": "Point", "coordinates": [80.263297, 13.082126]}, "properties": {"name": "TMM Eye Centre", "emergency": "no", "type": "clinic"}}, {"type": "Feature", "geometry": {"type": "Point", "coordinates": [80.2474, 13.079387]}, "properties": {"name": "Herbzalive Ayurveda Hospital", "emergency": "no", "type": "hospital"}}, {"type": "Feature", "geometry": {"type": "Point", "coordinates": [80.27059, 13.082674]}, "properties": {"name": "Meta Hospital", "emergency": "no", "type": "hospital"}}, {"type": "Feature", "geometry": {"type": "Point", "coordinates": [80.267898, 13.090224]}, "properties": {"name": "Vardhman Multispeciality", "emergency": "no", "type": "clinic"}}, {"type": "Feature", "geometry": {"type": "Point", "coordinates": [80.226835, 13.073733]}, "properties": {"name": "Dr. H. Yogish Hospital", "emergency": "no", "type": "hospital"}}, {"type": "Feature", "geometry": {"type": "Point", "coordinates": [80.262598, 13.071343]}, "properties": {"name": "Neuro Hospital", "emergency": "no", "type": "hospital"}}, {"type": "Feature", "geometry": {"type": "Point", "coordinates": [80.267797, 13.090421]}, "properties": {"name": "Dr. Nitesh Jain", "emergency": "no", "type": "doctors"}}, {"type": "Feature", "geometry": {"type": "Point", "coordinates": [80.234299, 13.083368]}, "properties": {"name": "Murugan Hospitals", "emergency": "no", "type": "hospital"}}, {"type": "Feature", "geometry": {"type": "Point", "coordinates": [80.252083, 13.081187]}, "properties": {"name": "Amrit Hospital", "emergency": "no", "type": "hospital"}}, {"type": "Feature", "geometry": {"type": "Point", "coordinates": [80.260048, 13.071832]}, "properties": {"name": "Mercury Hospital", "emergency": "no", "type": "hospital"}}, {"type": "Feature", "geometry": {"type": "Point", "coordinates": [80.269998, 13.085016]}, "properties": {"name": "Naz Unani Hospital", "emergency": "no", "type": "hospital"}}, {"type": "Feature", "geometry": {"type": "Point", "coordinates": [80.268433, 13.075034]}, "properties": {"name": "Vembu Clinic", "emergency": "no", "type": "clinic"}}, {"type": "Feature", "geometry": {"type": "Point", "coordinates": [80.249079, 13.079104]}, "properties": {"name": "Dr. S. Ayyappan", "emergency": "no", "type": "doctors"}}, {"type": "Feature", "geometry": {"type": "Point", "coordinates": [80.269482, 13.07613]}, "properties": {"name": "S.K. Selvam Hospital", "emergency": "no", "type": "hospital"}}, {"type": "Feature", "geometry": {"type": "Point", "coordinates": [80.257646, 13.079529]}, "properties": {"name": "Neuro Mind Care Clinic", "emergency": "no", "type": "clinic"}}, {"type": "Feature", "geometry": {"type": "Point", "coordinates": [80.271033, 13.082574]}, "properties": {"name": "Apollo Hospital", "emergency": "no", "type": "hospital"}}, {"type": "Feature", "geometry": {"type": "Point", "coordinates": [80.267103, 13.076355]}, "properties": {"name": "Dr. Sridharan Clinic", "emergency": "no", "type": "clinic"}}, {"type": "Feature", "geometry": {"type": "Point", "coordinates": [80.255397, 13.081333]}, "properties": {"name": "Kola Saraswathi Agarwal Samaj Health Centre", "emergency": "no", "type": "hospital"}}, {"type": "Feature", "geometry": {"type": "Point", "coordinates": [80.233161, 13.08215]}, "properties": {"name": "Psy Hub, Brain and Behaviour", "emergency": "no", "type": "clinic"}}, {"type": "Feature", "geometry": {"type": "Point", "coordinates": [80.240751, 13.070275]}, "properties": {"name": "Dr. Sukumar's Skin Clinic", "emergency": "no", "type": "clinic"}}, {"type": "Feature", "geometry": {"type": "Point", "coordinates": [80.267923, 13.073462]}, "properties": {"name": "Dr. A Manivannan Clinic", "emergency": "no", "type": "clinic"}}, {"type": "Feature", "geometry": {"type": "Point", "coordinates": [80.245495, 13.084404]}, "properties": {"name": "Demo Hospital", "emergency": "no", "type": "hospital"}}, {"type": "Feature", "geometry": {"type": "Point", "coordinates": [80.229048, 13.079316]}, "properties": {"name": "Gremaltes Hospital", "emergency": "no", "type": "hospital"}}, {"type": "Feature", "geometry": {"type": "Point", "coordinates": [80.233376, 13.08142]}, "properties": {"name": "Srl Hospital", "emergency": "no", "type": "hospital"}}, {"type": "Feature", "geometry": {"type": "Point", "coordinates": [80.246147, 13.084694]}, "properties": {"name": "Dr. Sundar's Homoeopathic Clinic", "emergency": "no", "type": "clinic"}}, {"type": "Feature", "geometry": {"type": "Point", "coordinates": [80.262078, 13.08115]}, "properties": {"name": "Periyar Maniammai Hospital", "emergency": "no", "type": "hospital"}}, {"type": "Feature", "geometry": {"type": "Point", "coordinates": [80.267569, 13.074301]}, "properties": {"name": "Red Cross Hospital", "emergency": "no", "type": "hospital"}}, {"type": "Feature", "geometry": {"type": "Point", "coordinates": [80.269313, 13.075608]}, "properties": {"name": "Kabeer Clinic", "emergency": "no", "type": "clinic"}}, {"type": "Feature", "geometry": {"type": "Point", "coordinates": [80.233938, 13.076858]}, "properties": {"name": "Ponmalligai Hospitals", "emergency": "no", "type": "hospital"}}, {"type": "Feature", "geometry": {"type": "Point", "coordinates": [80.223677, 13.121677]}, "properties": {"name": "V S Hospital", "emergency": "no", "type": "hospital"}}, {"type": "Feature", "geometry": {"type": "Point", "coordinates": [80.22129, 13.124433]}, "properties": {"name": "Kottakkal Arya Vaidya Sala Clinic", "emergency": "no", "type": "clinic"}}, {"type": "Feature", "geometry": {"type": "Point", "coordinates": [80.245424, 13.116044]}, "properties": {"name": "Iyyappa Multi Speciality Hospitals", "emergency": "no", "type": "hospital"}}, {"type": "Feature", "geometry": {"type": "Point", "coordinates": [80.239437, 13.113594]}, "properties": {"name": "GK Hospital", "emergency": "no", "type": "hospital"}}, {"type": "Feature", "geometry": {"type": "Point", "coordinates": [80.225481, 13.116185]}, "properties": {"name": "Obg Health Point", "emergency": "no", "type": "clinic"}}, {"type": "Feature", "geometry": {"type": "Point", "coordinates": [80.230222, 13.110284]}, "properties": {"name": "Spectrum Pediatric Therapy", "emergency": "no", "type": "clinic"}}, {"type": "Feature", "geometry": {"type": "Point", "coordinates": [80.245785, 13.115563]}, "properties": {"name": "Dr. Kleela Hospital", "emergency": "no", "type": "hospital"}}, {"type": "Feature", "geometry": {"type": "Point", "coordinates": [80.217275, 13.129756]}, "properties": {"name": "Bluemed Healthcare", "emergency": "no", "type": "hospital"}}, {"type": "Feature", "geometry": {"type": "Point", "coordinates": [80.227892, 13.117816]}, "properties": {"name": "Hiran Eye Retina Centre", "emergency": "no", "type": "clinic"}}, {"type": "Feature", "geometry": {"type": "Point", "coordinates": [80.219771, 13.126213]}, "properties": {"name": "Annai Eye Clinic", "emergency": "no", "type": "clinic"}}, {"type": "Feature", "geometry": {"type": "Point", "coordinates": [80.224399, 13.120484]}, "properties": {"name": "St. Joseph Cluny Hospital", "emergency": "no", "type": "hospital"}}, {"type": "Feature", "geometry": {"type": "Point", "coordinates": [80.223946, 13.116713]}, "properties": {"name": "GM Nursing Home", "emergency": "no", "type": "clinic"}}, {"type": "Feature", "geometry": {"type": "Point", "coordinates": [80.241849, 13.110265]}, "properties": {"name": "Dr. A C Aruldas Hospital", "emergency": "no", "type": "hospital"}}, {"type": "Feature", "geometry": {"type": "Point", "coordinates": [80.216133, 13.129397]}, "properties": {"name": "Dr. Rao's Clinic", "emergency": "no", "type": "clinic"}}, {"type": "Feature", "geometry": {"type": "Point", "coordinates": [80.212394, 13.122403]}, "properties": {"name": "Child Care Clinic", "emergency": "no", "type": "clinic"}}, {"type": "Feature", "geometry": {"type": "Point", "coordinates": [80.225106, 13.120706]}, "properties": {"name": "G.R Clinic", "emergency": "no", "type": "clinic"}}, {"type": "Feature", "geometry": {"type": "Point", "coordinates": [80.228607, 13.117541]}, "properties": {"name": "Maayi Nursing Home", "emergency": "no", "type": "clinic"}}, {"type": "Feature", "geometry": {"type": "Point", "coordinates": [80.216941, 13.130078]}, "properties": {"name": "Bharathiraja Hospitals", "emergency": "no", "type": "hospital"}}, {"type": "Feature", "geometry": {"type": "Point", "coordinates": [80.216095, 13.122284]}, "properties": {"name": "Kolathur Multi Speciality and Research Centre", "emergency": "no", "type": "hospital"}}, {"type": "Feature", "geometry": {"type": "Point", "coordinates": [80.225808, 13.1185]}, "properties": {"name": "Arul Childs Hospital", "emergency": "no", "type": "hospital"}}, {"type": "Feature", "geometry": {"type": "Point", "coordinates": [80.217497, 13.127223]}, "properties": {"name": "American Dental Care", "emergency": "no", "type": "clinic"}}, {"type": "Feature", "geometry": {"type": "Point", "coordinates": [80.224138, 13.116675]}, "properties": {"name": "Jaya Eye Clinic", "emergency": "no", "type": "clinic"}}, {"type": "Feature", "geometry": {"type": "Point", "coordinates": [80.215909, 13.129071]}, "properties": {"name": "KCK Hospital", "emergency": "no", "type": "hospital"}}, {"type": "Feature", "geometry": {"type": "Point", "coordinates": [80.221185, 13.124522]}, "properties": {"name": "Dr. Kamalakannan", "emergency": "no", "type": "doctors"}}, {"type": "Feature", "geometry": {"type": "Point", "coordinates": [80.223631, 13.121994]}, "properties": {"name": "Sugar Hospital", "emergency": "no", "type": "hospital"}}, {"type": "Feature", "geometry": {"type": "Point", "coordinates": [80.228897, 13.113421]}, "properties": {"name": "Dr. Lakshmanan Saravanan", "emergency": "no", "type": "doctors"}}, {"type": "Feature", "geometry": {"type": "Point", "coordinates": [80.214109, 13.129869]}, "properties": {"name": "Retteri Kumaran Hospital", "emergency": "no", "type": "hospital"}}, {"type": "Feature", "geometry": {"type": "Point", "coordinates": [80.226996, 13.117108]}, "properties": {"name": "Elangovan ENT Surgeon", "emergency": "no", "type": "clinic"}}, {"type": "Feature", "geometry": {"type": "Point", "coordinates": [80.219146, 13.126015]}, "properties": {"name": "Cure Plus Clinic", "emergency": "no", "type": "clinic"}}, {"type": "Feature", "geometry": {"type": "Point", "coordinates": [80.222177, 13.12251]}, "properties": {"name": "Sugam Ortho Clinic", "emergency": "no", "type": "clinic"}}, {"type": "Feature", "geometry": {"type": "Point", "coordinates": [80.231285, 13.109337]}, "properties": {"name": "Government Hospital", "emergency": "no", "type": "hospital"}}, {"type": "Feature", "geometry": {"type": "Point", "coordinates": [80.215262, 13.129327]}, "properties": {"name": "K.H.M. Hospital", "emergency": "no", "type": "hospital"}}, {"type": "Feature", "geometry": {"type": "Point", "coordinates": [80.240402, 13.113104]}, "properties": {"name": "Sankar Eye Hospital", "emergency": "no", "type": "hospital"}}, {"type": "Feature", "geometry": {"type": "Point", "coordinates": [80.22505, 13.116533]}, "properties": {"name": "Sendoor Clinic", "emergency": "no", "type": "clinic"}}, {"type": "Feature", "geometry": {"type": "Point", "coordinates": [80.224452, 13.110148]}, "properties": {"name": "Niranjana Hospital", "emergency": "no", "type": "hospital"}}, {"type": "Feature", "geometry": {"type": "Point", "coordinates": [80.244152, 13.114842]}, "properties": {"name": "Parvatham Hospital", "emergency": "no", "type": "hospital"}}, {"type": "Feature", "geometry": {"type": "Point", "coordinates": [80.216857, 13.127749]}, "properties": {"name": "Akshita Speciality Clinic", "emergency": "no", "type": "clinic"}}, {"type": "Feature", "geometry": {"type": "Point", "coordinates": [80.219266, 13.126304]}, "properties": {"name": "U.S. Hospital", "emergency": "no", "type": "hospital"}}, {"type": "Feature", "geometry": {"type": "Point", "coordinates": [80.237446, 13.110623]}, "properties": {"name": "Bharani Hospital", "emergency": "no", "type": "hospital"}}, {"type": "Feature", "geometry": {"type": "Point", "coordinates": [80.22103, 13.122089]}, "properties": {"name": "GR Clinic", "emergency": "no", "type": "clinic"}}, {"type": "Feature", "geometry": {"type": "Point", "coordinates": [80.218505, 13.119731]}, "properties": {"name": "G K Clinic", "emergency": "no", "type": "clinic"}}, {"type": "Feature", "geometry": {"type": "Point", "coordinates": [80.143548, 13.124793]}, "properties": {"name": "Sir Ivan Stedford Hospital", "emergency": "no", "type": "hospital"}}, {"type": "Feature", "geometry": {"type": "Point", "coordinates": [80.260629, 13.118386]}, "properties": {"name": "Medical Center / Clinic", "emergency": "no", "type": "hospital"}}, {"type": "Feature", "geometry": {"type": "Point", "coordinates": [80.201339, 13.037122]}, "properties": {"name": "K.M. Nursing Home", "emergency": "no", "type": "hospital"}}, {"type": "Feature", "geometry": {"type": "Point", "coordinates": [80.194171, 13.011774]}, "properties": {"name": "Military Hospital", "emergency": "no", "type": "hospital"}}, {"type": "Feature", "geometry": {"type": "Point", "coordinates": [80.203627, 13.048724]}, "properties": {"name": "\u0b89\u0bb4\u0bc8\u0baa\u0bcd\u0baa\u0bbe\u0bb3\u0bbf \u0bae\u0bb0\u0bc1\u0ba4\u0bcd\u0ba4\u0bc1\u0bb5\u0bae\u0ba9\u0bc8", "emergency": "no", "type": "hospital"}}, {"type": "Feature", "geometry": {"type": "Point", "coordinates": [80.212368, 13.026029]}, "properties": {"name": "KS Bone and Joint Clinic - Ortho", "emergency": "no", "type": "hospital"}}, {"type": "Feature", "geometry": {"type": "Point", "coordinates": [80.208592, 13.029001]}, "properties": {"name": "Veekays Pet Care Clinic", "emergency": "no", "type": "clinic"}}, {"type": "Feature", "geometry": {"type": "Point", "coordinates": [80.210312, 13.031883]}, "properties": {"name": "Shens Multi-Speciality Hospital", "emergency": "no", "type": "hospital"}}, {"type": "Feature", "geometry": {"type": "Point", "coordinates": [80.248979, 12.912048]}, "properties": {"name": "Sanjeevani Ayurvedic Hospital", "emergency": "no", "type": "hospital"}}, {"type": "Feature", "geometry": {"type": "Point", "coordinates": [80.201001, 13.038806]}, "properties": {"name": "Sham's Rheumatic Care Centre", "emergency": "no", "type": "clinic"}}, {"type": "Feature", "geometry": {"type": "Point", "coordinates": [80.18625, 12.952873]}, "properties": {"name": "Selva Maternity Clinic", "emergency": "no", "type": "clinic"}}, {"type": "Feature", "geometry": {"type": "Point", "coordinates": [80.186812, 12.958601]}, "properties": {"name": "Progress Clinic", "emergency": "no", "type": "clinic"}}, {"type": "Feature", "geometry": {"type": "Point", "coordinates": [80.22147, 12.978454]}, "properties": {"name": "Prashanth Hospitals", "emergency": "no", "type": "hospital"}}, {"type": "Feature", "geometry": {"type": "Point", "coordinates": [80.161936, 13.038146]}, "properties": {"name": "Medical Center / Clinic", "emergency": "no", "type": "hospital"}}, {"type": "Feature", "geometry": {"type": "Point", "coordinates": [80.240709, 13.043932]}, "properties": {"name": "Geri care hospital", "emergency": "no", "type": "hospital"}}, {"type": "Feature", "geometry": {"type": "Point", "coordinates": [80.185541, 13.094625]}, "properties": {"name": "Suguna Clinic", "emergency": "no", "type": "clinic"}}, {"type": "Feature", "geometry": {"type": "Point", "coordinates": [80.181424, 13.095401]}, "properties": {"name": "Mohan Clinic", "emergency": "no", "type": "clinic"}}, {"type": "Feature", "geometry": {"type": "Point", "coordinates": [80.123167, 12.92086]}, "properties": {"name": "Infirmary", "emergency": "no", "type": "clinic"}}, {"type": "Feature", "geometry": {"type": "Point", "coordinates": [80.16513, 12.921465]}, "properties": {"name": "4 Squares Dentistry", "emergency": "no", "type": "hospital"}}, {"type": "Feature", "geometry": {"type": "Point", "coordinates": [80.18116, 12.978062]}, "properties": {"name": "Government Mini Clinic", "emergency": "no", "type": "clinic"}}, {"type": "Feature", "geometry": {"type": "Point", "coordinates": [80.186893, 13.107638]}, "properties": {"name": "Medical Center / Clinic", "emergency": "no", "type": "clinic"}}, {"type": "Feature", "geometry": {"type": "Point", "coordinates": [80.201439, 13.12667]}, "properties": {"name": "Shreyas hospital", "emergency": "no", "type": "hospital"}}, {"type": "Feature", "geometry": {"type": "Point", "coordinates": [80.201478, 13.124576]}, "properties": {"name": "Trident medicare center", "emergency": "no", "type": "clinic"}}, {"type": "Feature", "geometry": {"type": "Point", "coordinates": [80.286562, 13.094975]}, "properties": {"name": "Dr. Hidayathullah", "emergency": "no", "type": "doctors"}}, {"type": "Feature", "geometry": {"type": "Point", "coordinates": [80.287823, 13.095943]}, "properties": {"name": "S.S.R. Clinic", "emergency": "no", "type": "doctors"}}, {"type": "Feature", "geometry": {"type": "Point", "coordinates": [80.287588, 13.096939]}, "properties": {"name": "Sri Lakshmi Clinic", "emergency": "no", "type": "clinic"}}, {"type": "Feature", "geometry": {"type": "Point", "coordinates": [80.212604, 13.118028]}, "properties": {"name": "Women And Children Foundation Hospital", "emergency": "no", "type": "hospital"}}, {"type": "Feature", "geometry": {"type": "Point", "coordinates": [80.198242, 13.097277]}, "properties": {"name": "Frame of Mind - SCARF Psychiatric Hospital", "emergency": "no", "type": "hospital"}}, {"type": "Feature", "geometry": {"type": "Point", "coordinates": [80.214688, 13.040756]}, "properties": {"name": "Vasantha Memorial Cancer Centre", "emergency": "no", "type": "hospital"}}, {"type": "Feature", "geometry": {"type": "Point", "coordinates": [80.200097, 12.991722]}, "properties": {"name": "Madhan homoeo clinic", "emergency": "no", "type": "doctors"}}, {"type": "Feature", "geometry": {"type": "Point", "coordinates": [80.279609, 13.09872]}, "properties": {"name": "Dr. V. Dilip Jain", "emergency": "no", "type": "doctors"}}, {"type": "Feature", "geometry": {"type": "Point", "coordinates": [80.280037, 13.099217]}, "properties": {"name": "Shree Ortho Clinic", "emergency": "no", "type": "doctors"}}, {"type": "Feature", "geometry": {"type": "Point", "coordinates": [80.280025, 13.0968]}, "properties": {"name": "Sri Medicare", "emergency": "no", "type": "doctors"}}, {"type": "Feature", "geometry": {"type": "Point", "coordinates": [80.27993, 13.097446]}, "properties": {"name": "Kumaran Physiotherapy & Pain Relief Clinic", "emergency": "no", "type": "clinic"}}, {"type": "Feature", "geometry": {"type": "Point", "coordinates": [80.279272, 13.096513]}, "properties": {"name": "Mahaveer Health Care Services", "emergency": "no", "type": "clinic"}}, {"type": "Feature", "geometry": {"type": "Point", "coordinates": [80.279821, 13.095807]}, "properties": {"name": "G.T. Clinic", "emergency": "no", "type": "clinic"}}, {"type": "Feature", "geometry": {"type": "Point", "coordinates": [80.209299, 13.122523]}, "properties": {"name": "Medical Center / Clinic", "emergency": "no", "type": "clinic"}}, {"type": "Feature", "geometry": {"type": "Point", "coordinates": [80.280601, 13.097402]}, "properties": {"name": "Sakthi Clinic - Dr. B. Palani", "emergency": "no", "type": "clinic"}}, {"type": "Feature", "geometry": {"type": "Point", "coordinates": [80.128004, 12.958045]}, "properties": {"name": "L Rapha Life Care Hospital", "emergency": "no", "type": "hospital"}}, {"type": "Feature", "geometry": {"type": "Point", "coordinates": [80.179772, 13.08567]}, "properties": {"name": "Dr. Vijay's Hospital", "emergency": "no", "type": "hospital"}}, {"type": "Feature", "geometry": {"type": "Point", "coordinates": [80.275234, 13.082623]}, "properties": {"name": "Apollo Emergency Medical Centre", "emergency": "no", "type": "clinic"}}, {"type": "Feature", "geometry": {"type": "Point", "coordinates": [80.257671, 13.006151]}, "properties": {"name": "Medical Center / Clinic", "emergency": "no", "type": "clinic"}}, {"type": "Feature", "geometry": {"type": "Point", "coordinates": [80.169746, 13.086873]}, "properties": {"name": "SMF", "emergency": "no", "type": "hospital"}}, {"type": "Feature", "geometry": {"type": "Point", "coordinates": [80.195624, 12.919107]}, "properties": {"name": "Medical Center / Clinic", "emergency": "no", "type": "clinic"}}, {"type": "Feature", "geometry": {"type": "Point", "coordinates": [80.195855, 12.919166]}, "properties": {"name": "Medical Center / Clinic", "emergency": "no", "type": "clinic"}}, {"type": "Feature", "geometry": {"type": "Point", "coordinates": [80.25134, 12.956915]}, "properties": {"name": "Jananam fertility centre", "emergency": "no", "type": "hospital"}}, {"type": "Feature", "geometry": {"type": "Point", "coordinates": [80.159938, 12.962215]}, "properties": {"name": "Sugam Hospital", "emergency": "no", "type": "hospital"}}, {"type": "Feature", "geometry": {"type": "Point", "coordinates": [80.262673, 13.023569]}, "properties": {"name": "Neroor Eye Centre", "emergency": "no", "type": "doctors"}}, {"type": "Feature", "geometry": {"type": "Point", "coordinates": [80.245744, 13.057969]}, "properties": {"name": "Max Hair Clinic", "emergency": "no", "type": "hospital"}}, {"type": "Feature", "geometry": {"type": "Point", "coordinates": [80.263118, 13.081276]}, "properties": {"name": "Commissioner of Police office, Greater chennai Police", "emergency": "no", "type": "hospital"}}, {"type": "Feature", "geometry": {"type": "Point", "coordinates": [80.258806, 13.092099]}, "properties": {"name": "Medical Center / Clinic", "emergency": "no", "type": "hospital"}}, {"type": "Feature", "geometry": {"type": "Point", "coordinates": [80.201357, 12.983196]}, "properties": {"name": "Dr Bala's Skin clinic", "emergency": "no", "type": "hospital"}}, {"type": "Feature", "geometry": {"type": "Point", "coordinates": [80.25248, 13.072815]}, "properties": {"name": "The Hive Fertility Centre", "emergency": "no", "type": "clinic"}}, {"type": "Feature", "geometry": {"type": "Point", "coordinates": [80.241721, 13.058393]}, "properties": {"name": "Arthritis & Rheumatism Centre", "emergency": "no", "type": "doctors"}}, {"type": "Feature", "geometry": {"type": "Point", "coordinates": [80.187112, 12.980949]}, "properties": {"name": "Medical Center / Clinic", "emergency": "no", "type": "hospital"}}, {"type": "Feature", "geometry": {"type": "Point", "coordinates": [80.215769, 13.136324]}, "properties": {"name": "Meridian Hospitals", "emergency": "no", "type": "hospital"}}, {"type": "Feature", "geometry": {"type": "Point", "coordinates": [80.237739, 13.139602]}, "properties": {"name": "St Anthony's Hospital", "emergency": "no", "type": "hospital"}}, {"type": "Feature", "geometry": {"type": "Point", "coordinates": [80.191844, 12.913094]}, "properties": {"name": "Just Kids Child Cliinc", "emergency": "no", "type": "clinic"}}, {"type": "Feature", "geometry": {"type": "Point", "coordinates": [80.191864, 12.913123]}, "properties": {"name": "Royal Diagnostic Centre", "emergency": "no", "type": "doctors"}}, {"type": "Feature", "geometry": {"type": "Point", "coordinates": [80.240085, 13.100221]}, "properties": {"name": "Vadivelu Hospital", "emergency": "no", "type": "hospital"}}, {"type": "Feature", "geometry": {"type": "Point", "coordinates": [80.2436, 13.053106]}, "properties": {"name": "Capstone Clinic", "emergency": "no", "type": "clinic"}}, {"type": "Feature", "geometry": {"type": "Point", "coordinates": [80.250483, 13.006489]}, "properties": {"name": "Iswarya Fertility Center", "emergency": "no", "type": "hospital"}}, {"type": "Feature", "geometry": {"type": "Point", "coordinates": [80.230733, 13.014952]}, "properties": {"name": "Dr Abirami's skincare clinic", "emergency": "no", "type": "clinic"}}, {"type": "Feature", "geometry": {"type": "Point", "coordinates": [80.234349, 12.981084]}, "properties": {"name": "Good Shepard hospital", "emergency": "no", "type": "hospital"}}, {"type": "Feature", "geometry": {"type": "Point", "coordinates": [80.192151, 12.91617]}, "properties": {"name": "Hariharan ENT Clinic", "emergency": "no", "type": "clinic"}}, {"type": "Feature", "geometry": {"type": "Point", "coordinates": [80.192152, 12.915991]}, "properties": {"name": "Dr. R.Suresh Child Care Clinic", "emergency": "no", "type": "clinic"}}, {"type": "Feature", "geometry": {"type": "Point", "coordinates": [80.19214, 12.916042]}, "properties": {"name": "Masila Clinic", "emergency": "no", "type": "clinic"}}, {"type": "Feature", "geometry": {"type": "Point", "coordinates": [80.255744, 12.998135]}, "properties": {"name": "Jothi Eye Clinic", "emergency": "no", "type": "doctors"}}, {"type": "Feature", "geometry": {"type": "Point", "coordinates": [80.214575, 13.129557]}, "properties": {"name": "SRI CHAKRA SCANS", "emergency": "no", "type": "clinic"}}, {"type": "Feature", "geometry": {"type": "Point", "coordinates": [80.183253, 13.027552]}, "properties": {"name": "Palaniappa Hospital", "emergency": "no", "type": "hospital"}}, {"type": "Feature", "geometry": {"type": "Point", "coordinates": [80.259223, 13.096713]}, "properties": {"name": "Vee Kay", "emergency": "no", "type": "clinic"}}, {"type": "Feature", "geometry": {"type": "Point", "coordinates": [80.2301, 13.03527]}, "properties": {"name": "Urban health and Wellness centre", "emergency": "no", "type": "doctors"}}, {"type": "Feature", "geometry": {"type": "Point", "coordinates": [80.190684, 12.917772]}, "properties": {"name": "Tamilmalar Homeo Clinic", "emergency": "no", "type": "clinic"}}, {"type": "Feature", "geometry": {"type": "Point", "coordinates": [80.144317, 12.919666]}, "properties": {"name": "Bethesda Hospital & Child Care Centre", "emergency": "yes", "type": "hospital"}}, {"type": "Feature", "geometry": {"type": "Point", "coordinates": [80.203385, 12.931622]}, "properties": {"name": "Deepam Medfirst Hospital", "emergency": "no", "type": "hospital"}}, {"type": "Feature", "geometry": {"type": "Point", "coordinates": [80.19512, 13.041495]}, "properties": {"name": "Sudar Medical Centre", "emergency": "no", "type": "clinic"}}, {"type": "Feature", "geometry": {"type": "Point", "coordinates": [80.217352, 12.987817]}, "properties": {"name": "Jeevan Clinic", "emergency": "no", "type": "clinic"}}, {"type": "Feature", "geometry": {"type": "Point", "coordinates": [80.211535, 12.989951]}, "properties": {"name": "Arunai Clinic", "emergency": "no", "type": "clinic"}}, {"type": "Feature", "geometry": {"type": "Point", "coordinates": [80.133266, 12.938134]}, "properties": {"name": "Gajaa Clinic", "emergency": "no", "type": "clinic"}}, {"type": "Feature", "geometry": {"type": "Point", "coordinates": [80.287333, 13.124167]}, "properties": {"name": "Sri Raghavendra Hospital (sidha)", "emergency": "no", "type": "hospital"}}, {"type": "Feature", "geometry": {"type": "Point", "coordinates": [80.233617, 13.098684]}, "properties": {"name": "Ayanavaram 24 hours hospital", "emergency": "no", "type": "hospital"}}, {"type": "Feature", "geometry": {"type": "Point", "coordinates": [80.254735, 13.03475]}, "properties": {"name": "Helios Advanced Skin Hair & Laser Clinic Pvt Ltd", "emergency": "no", "type": "hospital"}}, {"type": "Feature", "geometry": {"type": "Point", "coordinates": [80.248961, 13.040917]}, "properties": {"name": "Dr. Zahida", "emergency": "no", "type": "doctors"}}, {"type": "Feature", "geometry": {"type": "Point", "coordinates": [80.254197, 13.039174]}, "properties": {"name": "Sre Sai Speciality Clinic", "emergency": "no", "type": "clinic"}}, {"type": "Feature", "geometry": {"type": "Point", "coordinates": [80.199582, 13.041062]}, "properties": {"name": "Dr. Keerthana\u2019s Centre for Women\u2019s Health", "emergency": "no", "type": "doctors"}}]}